"auto_id","Tentative ID","Genus","Side","Part","Portion","Segment","Bone Type"
12204,"","CROCUTA","L","UPPER 2ND PREMOLAR","COMPLETE","","TOOTH"
12204,"","CROCUTA","L","UPPER 3RD PREMOLAR","COMPLETE","","TOOTH"
11079,"","CROCUTA","R","LOWER 3RD INCISOR","COMPLETE","","TOOTH"
12045,"CF.","DAMA","L","HUMERUS","SHAFT","POSTERIOR","BONE"
10984,"","VULPES","R","SCAPULA","COMPLETE","","BONE"
12248,"CF.","DAMA",NA,"THORACIC VERTEBRA","COMPLETE","","BONE"
11088,"","CERVUS","R","UPPER 1ST OR 2ND MOLAR","COMPLETE","","TOOTH"
11056,"CF.","DAMA",NA,"ZYGOMATIC ARCH","FRAGMENT","","BONE"
11935,"","DAMA","L","UPPER 1ST OR 2ND MOLAR","COMPLETE","","TOOTH"
10582,"","SMALL MAMMAL",NA,"THORACIC VERTEBRA","NEURAL ARCH","","BONE"
10909,"","CROCUTA","R","BASIOCCIPITAL","FRAGMENT","","BONE"
10583,"","CAPREOLUS","L","RAMUS","FRAGMENT","","BONE"
11013,"CF.","EQUUS",NA,"TOOTH","FRAGMENT","","TOOTH"
11007,"","SMALL MAMMAL","R","TIBIA","DIAPHYSIS","","BONE"
10915,"","EQUUS",NA,"INCISOR","FRAGMENT","","TOOTH"
10907,"","EQUUS",NA,"LOWER INCISOR","FRAGMENT","","TOOTH"
11060,"","CROCUTA","L","UPPER CANINE","CROWN","","TOOTH"
12254,"","DAMA","L","UPPER 1ST OR 2ND MOLAR","CROWN","","TOOTH"
11057,"","DAMA","R","LOWER 2ND PREMOLAR","COMPLETE","","TOOTH"
11048,"","CERVUS","L","UPPER MOLAR","COMPLETE","","TOOTH"
11071,"","CERVUS","L","LOWER 3RD INCISOR","COMPLETE","","TOOTH"
11081,"","DAMA","R","LOWER 3RD MOLAR","HALF","","TOOTH"
12106,"","MEDIUM ARTIODACTYL",NA,"MAIN METACARPAL","SHAFT","FRAGMENT","BONE"
11050,"","CERVUS","L","UPPER 1ST OR 2ND MOLAR","COMPLETE","","TOOTH"
11045,"","CAPREOLUS","R","2ND PHALANGE","COMPLETE","","BONE"
11052,"","CERVUS","L","UPPER 2ND PREMOLAR","COMPLETE","","TOOTH"
11068,"","DAMA","R","LOWER 4TH PREMOLAR","COMPLETE","","TOOTH"
11055,"","EQUUS",NA,"CHEEK TOOTH","FRAGMENT","","TOOTH"
11063,"","CERVUS","L","LOWER 1ST OR 2ND MOLAR","COMPLETE","","TOOTH"
11046,"","DAMA","L","DECIDUOUS LOWER P4","COMPLETE","","TOOTH"
11053,"","BOS/BISON","R","LOWER 3RD PREMOLAR","FRAGMENT","","TOOTH"
11074,"","DAMA",NA,"HIND PROXIMAL SESAMOID","COMPLETE","","BONE"
10552,"","SMALL ARTIODACTYL",NA,"CHEEK TOOTH","FRAGMENT","","TOOTH"
11082,"","CERVUS","L","UPPER 2ND PREMOLAR","COMPLETE","","TOOTH"
11073,"","DAMA","R","UPPER 1ST OR 2ND MOLAR","COMPLETE","","TOOTH"
11049,"","CERVUS","L","UPPER 2ND PREMOLAR","COMPLETE","","TOOTH"
11084,"","CROCUTA","L","LOWER 4TH PREMOLAR","CROWN","","TOOTH"
11086,"","LARGE FELINE",NA,"UPPER 1ST INCISOR","COMPLETE","","TOOTH"
11083,"","CANIS","L","LOWER 1ST MOLAR","FRAGMENT","","TOOTH"
11062,"","CERVUS","L","UPPER 2ND PREMOLAR","COMPLETE","","TOOTH"
11090,"CF.","BOS/BISON",NA,"LOWER MOLAR","FRAGMENT","","TOOTH"
11089,"","VULPES","R","MANDIBLE WITH TEETH","FRAGMENT","","JAW + TEET"
11089,"","VULPES","R","LOWER 4TH PREMOLAR","COMPLETE","","TOOTH"
11089,"","VULPES","R","LOWER 1ST MOLAR","COMPLETE","","TOOTH"
12128,"","LARGE MAMMAL",NA,"LONG BONE","SHAFT","FRAGMENT","BONE"
11035,"","MEDIUM MAMMAL",NA,"LONG BONE","SHAFT","FRAGMENT","BONE"
12061,"",NA,NA,"UNIDENTIFIED","FRAGMENT","","BONE"
11037,"","MEDIUM MAMMAL",NA,"RIB","SHAFT","COMPLETE SHAFT","BONE"
12118,"","MEDIUM MAMMAL",NA,"LONG BONE","SHAFT","FRAGMENT","BONE"
10949,"",NA,NA,"UNIDENTIFIED","FRAGMENT","","BONE"
12129,"","MEDIUM MAMMAL",NA,"CRANIUM","FRAGMENT","","BONE"
12211,"","MEDIUM MAMMAL",NA,"LONG BONE","SHAFT","FRAGMENT","BONE"
12246,"",NA,NA,"UNIDENTIFIED","FRAGMENT","","BONE"
12179,"",NA,NA,"UNIDENTIFIED","FRAGMENT","","BONE"
12032,"","MEDIUM MAMMAL",NA,"LONG BONE","SHAFT","FRAGMENT","BONE"
12217,"","LARGE MAMMAL",NA,"LONG BONE","SHAFT","FRAGMENT","BONE"
12249,"",NA,NA,"UNIDENTIFIED","FRAGMENT","","BONE"
11059,"","LARGE MAMMAL",NA,"BRAIN CASE","FRAGMENT","","BONE"
10962,"",NA,NA,"UNIDENTIFIED","FRAGMENT","","BONE"
11017,"","MEDIUM MAMMAL",NA,"LONG BONE","SHAFT","FRAGMENT","BONE"
11014,"",NA,NA,"UNIDENTIFIED","FRAGMENT","","BONE"
10943,"","MEDIUM MAMMAL",NA,"LONG BONE","SHAFT","FRAGMENT","BONE"
12348,"",NA,NA,"UNIDENTIFIED","FRAGMENT","","BONE"
11024,"","MEDIUM MAMMAL","L","TIBIA","SHAFT","ANTERIOR","BONE"
12046,"","MEDIUM MAMMAL",NA,"LONG BONE","SHAFT","FRAGMENT","BONE"
12203,"","MEDIUM MAMMAL",NA,"LONG BONE","SHAFT","FRAGMENT","BONE"
12127,"","MEDIUM MAMMAL",NA,"LONG BONE","SHAFT","FRAGMENT","BONE"
10988,"","MEDIUM MAMMAL",NA,"UNIDENTIFIED","FRAGMENT","","BONE"
12181,"","MEDIUM MAMMAL",NA,"UNIDENTIFIED","FRAGMENT","","BONE"
11006,"",NA,NA,"UNIDENTIFIED","FRAGMENT","","BONE"
12050,"","SMALL MAMMAL",NA,"LONG BONE","SHAFT","FRAGMENT","BONE"
12105,"","SMALL MAMMAL",NA,"LONG BONE","SHAFT","FRAGMENT","BONE"
10389,"","SMALL MAMMAL",NA,"UNIDENTIFIED","FRAGMENT","","BONE"
10580,"","MEDIUM MAMMAL",NA,"LONG BONE","SHAFT","FRAGMENT","BONE"
12220,"","MEDIUM MAMMAL",NA,"CRANIUM","FRAGMENT","","BONE"
10992,"","SMALL MAMMAL",NA,"UNIDENTIFIED","FRAGMENT","","BONE"
12023,"","MEDIUM MAMMAL",NA,"LONG BONE","SHAFT","FRAGMENT","BONE"
11933,"",NA,NA,"UNIDENTIFIED","FRAGMENT","","BONE"
12202,"","MEDIUM MAMMAL",NA,"LONG BONE","SHAFT","FRAGMENT","BONE"
10901,"","MEDIUM MAMMAL",NA,"LONG BONE","SHAFT","FRAGMENT","BONE"
12207,"","MEDIUM MAMMAL",NA,"UNIDENTIFIED","FRAGMENT","","BONE"
10518,"","LARGE MAMMAL",NA,"UNIDENTIFIED","FRAGMENT","","BONE"
12210,"","MEDIUM MAMMAL",NA,"RIB","SHAFT","COMPLETE SHAFT","BONE"
10986,"",NA,NA,"UNIDENTIFIED","FRAGMENT","","BONE"
12341,"","MEDIUM MAMMAL",NA,"LONG BONE","SHAFT","FRAGMENT","BONE"
12208,"",NA,NA,"UNIDENTIFIED","FRAGMENT","","BONE"
12221,"","TURTLE/TORTOISE",NA,"CARPAL","FRAGMENT","","OTHER"
12354,"","MEDIUM MAMMAL",NA,"UNIDENTIFIED","FRAGMENT","","BONE"
11977,"",NA,NA,"UNIDENTIFIED","FRAGMENT","","BONE"
11005,"",NA,NA,"UNIDENTIFIED","FRAGMENT","","BONE"
12349,"",NA,NA,"UNIDENTIFIED","FRAGMENT","","BONE"
11015,"","MEDIUM MAMMAL",NA,"LONG BONE","SHAFT","FRAGMENT","BONE"
11972,"",NA,NA,"UNIDENTIFIED","FRAGMENT","","BONE"
12214,"","SMALL MAMMAL",NA,"LONG BONE","SHAFT","FRAGMENT","BONE"
12110,"",NA,NA,"UNIDENTIFIED","FRAGMENT","","BONE"
10996,"","MEDIUM MAMMAL",NA,"LONG BONE","SHAFT","FRAGMENT","BONE"
10553,"",NA,NA,"UNIDENTIFIED","FRAGMENT","","BONE"
12250,"",NA,NA,"UNIDENTIFIED","FRAGMENT","","BONE"
10381,"CF.","CAPREOLUS",NA,"MAIN METATARSAL","SHAFT","ANTERIOR","BONE"
10729,"",NA,NA,"UNIDENTIFIED","FRAGMENT","","BONE"
12038,"","SMALL MAMMAL",NA,"UNIDENTIFIED","FRAGMENT","","BONE"
12036,"","MEDIUM MAMMAL",NA,"UNIDENTIFIED","FRAGMENT","","BONE"
12051,"","MEDIUM MAMMAL",NA,"LONG BONE","SHAFT","FRAGMENT","BONE"
10584,"","MEDIUM MAMMAL",NA,"LONG BONE","SHAFT","FRAGMENT","BONE"
9607,"","COELODONTA","L","UPPER 3RD OR 4TH PREMOLAR","COMPLETE","","TOOTH"
11012,"","SMALL MAMMAL","R","FEMUR","DIAPHYSIS","SHAFT","BONE"
11069,"","TURTLE/TORTOISE",NA,"CARPAL","FRAGMENT","","OTHER"
10587,"","VULPES","R","TIBIA","SHAFT","COMPLETE SHAFT","BONE"
12345,"","LARGE BIRD",NA,"ULNA","SHAFT","COMPLETE SHAFT","BONE"
5604,"",NA,NA,"TOOTH","FRAGMENT","","TOOTH"
3504,"","LARGE MAMAL",NA,"UNIDENTIFIED","FRAGMENT","","BONE"
251,"CF.","CROCUTA","R","MANDIBLE WITH TEETH","FRAGMENT","","JAW + TEET"
231,"CF.","BOS/BISON",NA,"RADIUS","PROXIMAL + SHAFT","FRAGMENT","BONE"
232,"","BOS/BISON","L","TIBIA","DISTAL + SHAFT","","BONE"
5,"CF.","CANID",NA,"7th CERVICAL VERTEBRA","COMPLETE","","BONE"
7,"","CROCUTA","R","UPPER 4TH PREMOLAR","COMPLETE","","TOOTH"
8,"","LARGE HERBIVORE",NA,"TOOTH","FRAGMENT","","TOOTH"
9,"",NA,NA,"UNIDENTIFIED","FRAGMENT","","BONE"
10,"","LARGE MAMMAL",NA,"CERVICAL VERTEBRA","FRAGMENT","","BONE"
11,"CF.","BIRD",NA,"VERTEBRA","COMPLETE","","BONE"
12,"",NA,NA,"UNIDENTIFIED","FRAGMENT","","BONE"
13,"","LARGE MAMMAL",NA,"VERTEBRA","FRAGMENT","","BONE"
14,"","RANGIFER",NA,"MAIN METATARSAL","DISTAL","ANTERIOR","BONE"
18,"",NA,NA,"UNIDENTIFIED","FRAGMENT","","BONE"
20,"",NA,NA,"UNIDENTIFIED","FRAGMENT","","BONE"
21,"",NA,NA,"UNIDENTIFIED","FRAGMENT","","BONE"
26,"",NA,NA,"UNIDENTIFIED","FRAGMENT","","BONE"
27,"",NA,NA,"UNIDENTIFIED","FRAGMENT","","BONE"
28,"",NA,NA,"UNIDENTIFIED","FRAGMENT","","BONE"
33,"",NA,NA,"UNIDENTIFIED","FRAGMENT","","BONE"
39,"","LAGOMORPH","R","ACETABULUM","FRAGMENT","","BONE"
44,"",NA,NA,"UNIDENTIFIED","FRAGMENT","","BONE"
45,"",NA,NA,"UNIDENTIFIED","FRAGMENT","","BONE"
47,"","BIRD",NA,"TIBIOTARSAL","DISTAL + SHAFT","","BONE"
48,"",NA,NA,"UNIDENTIFIED","FRAGMENT","","BONE"
49,"",NA,NA,"UNIDENTIFIED","FRAGMENT","","BONE"
50,"",NA,NA,"UNIDENTIFIED","FRAGMENT","","BONE"
3427,"",NA,NA,"UNIDENTIFIED","FRAGMENT","","BONE"
3655,"","LARGE MAMMAL",NA,"LONG BONE","SHAFT","FRAGMENT","BONE"
3706,"","MAMMAL",NA,"FEMUR","DIAPHYSIS","PROXIMAL","BONE"
3718,"","EQUUS","L","UPPER 1ST OR 2ND MOLAR","FRAGMENT","","TOOTH"
3724,"CF.","VULPES","R","MANDIBLE","FRAGMENT","","BONE"
3725,"","BOS/BISON","L","UPPER 1ST OR 2ND MOLAR","COMPLETE","","TOOTH"
3729,"","CROCUTA","L","UPPER 3RD PREMOLAR","COMPLETE","","TOOTH"
3741,"",NA,NA,"UNIDENTIFIED","FRAGMENT","","BONE"
3743,"","LARGE MAMMAL",NA,"LONG BONE","SHAFT","FRAGMENT","BONE"
3744,"","LARGE MAMMAL",NA,"UNIDENTIFIED","FRAGMENT","","BONE"
3748,"","LARGE MAMMAL",NA,"LONG BONE","SHAFT","FRAGMENT","BONE"
3750,"","LARGE MAMMAL",NA,"UNIDENTIFIED","FRAGMENT","","BONE"
3751,"","BOS/BISON","R","UPPER 1ST OR 2ND MOLAR","COMPLETE","","TOOTH"
3761,"","BOS/BISON",NA,"UPPER MOLAR","FRAGMENT","","TOOTH"
3774,"","MEDIUM MAMMAL",NA,"LONG BONE","SHAFT","FRAGMENT","BONE"
9371,"","CANIS","L","METATARSAL 2ND DIGIT","PROXIMAL","","BONE"
9372,"","CANIS","R","METACARPAL 3RD DIGIT","PROXIMAL","","BONE"
9373,"","CANIS",NA,"METAPODIAL","DISTAL","","BONE"
9374,"","LARGE CORVID","L","HUMERUS","COMPLETE","","BONE"
9375,"","CANIS","R","LOWER 3RD PREMOLAR","COMPLETE","","TOOTH"
9376,"CF.",NA,NA,"CAUDAL VERTEBRA","COMPLETE","","BONE"
9377,"","LARGE CORVID","R","FEMUR","COMPLETE","","BONE"
9684,"","RANGIFER","L","1ST PHALANGE","COMPLETE","","BONE"
6659,"","CERVID",NA,"ANTLER","FRAGMENT","","ANTLER"
6679,"","MEDIUM MAMMAL",NA,"LONG BONE","SHAFT","FRAGMENT","BONE"
6680,"","CANIS","L","UPPER 2ND PREMOLAR","COMPLETE","","TOOTH"
6688,"","RANGIFER","L","LOWER 4TH INCISOR","COMPLETE","","TOOTH"
7990,"","EQUUS","R","DECIDUOUS UPPER P2","COMPLETE","","TOOTH"
7992,"",NA,NA,"UNIDENTIFIED","FRAGMENT","","BONE"
8112,"",NA,NA,"UNIDENTIFIED","FRAGMENT","","BONE"
8113,"","CROCUTA",NA,"CANINE","HALF","","TOOTH"
8115,"",NA,NA,"UNIDENTIFIED","FRAGMENT","","BONE"
8211,"",NA,NA,"UNIDENTIFIED","FRAGMENT","","BONE"
8246,"CF.","CARNIVORE",NA,"METAPODIAL","DISTAL + SHAFT","","BONE"
8554,"","MEDIUM MAMMAL",NA,"TOOTH","FRAGMENT","","TOOTH"
9370,"CF.","BIRD",NA,"ACETABULUM","FRAGMENT","","BONE"
9414,"CF.","SMALL MAMMAL",NA,"VERTEBRA","FRAGMENT","","BONE"
9441,"","BOS/BISON","R","UPPER 1ST OR 2ND MOLAR","CROWN","","TOOTH"
9612,"","VULPES",NA,"CANINE","COMPLETE","","TOOTH"
63,"","LARGE MAMMAL",NA,"LONG BONE","SHAFT","FRAGMENT","BONE"
64,"","LARGE MAMMAL",NA,"LONG BONE","SHAFT","FRAGMENT","BONE"
70,"","URSUS",NA,"UPPER INCISOR","COMPLETE","","TOOTH"
73,"","MEDIUM MAMMAL",NA,"LONG BONE","SHAFT","COMPLETE SHAFT","BONE"
9410,"CF.","MEDIUM BIRD",NA,"VERTEBRA","COMPLETE","","BONE"
125,"","BOS/BISON","L","LOWER 1ST OR 2ND MOLAR","COMPLETE","","TOOTH"
126,"","LARGE MAMMAL",NA,"LONG BONE","SHAFT","FRAGMENT","BONE"
127,"","BOS/BISON",NA,"UPPER 1ST OR 2ND MOLAR","HALF","","TOOTH"
131,"","CANIS","L","FIBULA","COMPLETE","","BONE"
132,"","CANIS","R","TIBIA","COMPLETE","","BONE"
133,"","CANIS","L","TIBIA","COMPLETE","","BONE"
134,"","CANIS","R","FIBULA","COMPLETE","","BONE"
135,"",NA,NA,"UNIDENTIFIED","FRAGMENT","","BONE"
137,"","EQUUS","R","UPPER 3RD OR 4TH PREMOLAR","COMPLETE","","TOOTH"
138,"",NA,NA,"UNIDENTIFIED","FRAGMENT","","BONE"
141,"",NA,NA,"UNIDENTIFIED","FRAGMENT","","BONE"
144,"","LARGE MAMMAL",NA,"LONG BONE","SHAFT","FRAGMENT","BONE"
147,"","LARGE MAMMAL",NA,"LONG BONE","SHAFT","FRAGMENT","BONE"
148,"",NA,NA,"UNIDENTIFIED","FRAGMENT","","BONE"
150,"","BOS/BISON","R","LOWER 1ST OR 2ND MOLAR","CROWN","","TOOTH"
151,"",NA,NA,"UNIDENTIFIED","FRAGMENT","","BONE"
152,"","CROCUTA","R","UPPER 2ND PREMOLAR","COMPLETE","","TOOTH"
157,"","MEDIUM MAMMAL",NA,"DECIDUOUS UPPER P0","FRAGMENT","","TOOTH"
162,"","LARGE MAMMAL",NA,"TIBIA","SHAFT","POSTERIOR","BONE"
163,"","BOS/BISON","R","UPPER 1ST OR 2ND MOLAR","COMPLETE","","TOOTH"
164,"","CERVUS","L","MAIN METATARSAL","PROXIMAL + SHAFT","ANTEROLATERAL","BONE"
165,"","BOS/BISON",NA,"RADIUS","PROXIMAL + SHAFT","","BONE"
166,"","MEDIUM MAMMAL",NA,"TOOTH","ROOT","","TOOTH"
168,"",NA,NA,"UNIDENTIFIED","FRAGMENT","","BONE"
171,"","LARGE MAMMAL",NA,"LONG BONE","SHAFT","FRAGMENT","BONE"
173,"",NA,NA,"UNIDENTIFIED","FRAGMENT","","BONE"
174,"",NA,NA,"UNIDENTIFIED","FRAGMENT","","BONE"
175,"","BOS/BISON","R","MANDIBLE WITH TEETH","FRAGMENT","","JAW + TEET"
175,"","BOS/BISON","R","LOWER 1ST MOLAR","COMPLETE","","TOOTH"
175,"","BOS/BISON","R","LOWER 2ND MOLAR","COMPLETE","","TOOTH"
176,"",NA,NA,"UNIDENTIFIED","FRAGMENT","","BONE"
177,"CF.","BOS/BISON","R","LOWER 2ND OR 3RD PREMOLAR","FRAGMENT","","TOOTH"
178,"CF.","LARGE MAMMAL",NA,"LONG BONE","SHAFT","FRAGMENT","BONE"
179,"CF.","CERVUS",NA,"RADIOCUBITUS","SHAFT","POSTERIOR","BONE"
181,"",NA,NA,"UNIDENTIFIED","FRAGMENT","","BONE"
182,"",NA,NA,"UNIDENTIFIED","FRAGMENT","","BONE"
185,"",NA,NA,"UNIDENTIFIED","FRAGMENT","","BONE"
187,"","COLOMBID","L","FEMUR","COMPLETE","","BONE"
188,"","LARGE MAMMAL",NA,"UNIDENTIFIED","FRAGMENT","","BONE"
189,"",NA,NA,"UNIDENTIFIED","FRAGMENT","","BONE"
190,"","SMALL MAMMAL",NA,"LONG BONE","SHAFT","FRAGMENT","BONE"
191,"",NA,NA,"UNIDENTIFIED","FRAGMENT","","BONE"
192,"","MEDIUM MAMMAL",NA,"LONG BONE","SHAFT","FRAGMENT","BONE"
193,"","MEDIUM MAMMAL",NA,"LONG BONE","SHAFT","FRAGMENT","BONE"
194,"",NA,NA,"UNIDENTIFIED","FRAGMENT","","BONE"
195,"","LARGE MAMMAL",NA,"LONG BONE","SHAFT","FRAGMENT","BONE"
196,"",NA,NA,"UNIDENTIFIED","FRAGMENT","","BONE"
197,"",NA,NA,"UNIDENTIFIED","FRAGMENT","","BONE"
198,"",NA,NA,"UNIDENTIFIED","FRAGMENT","","BONE"
199,"","MEDIUM MAMMAL",NA,"LONG BONE","SHAFT","FRAGMENT","BONE"
200,"","MEDIUM MAMMAL",NA,"LONG BONE","SHAFT","FRAGMENT","BONE"
203,"","LARGE MAMMAL",NA,"UNIDENTIFIED","FRAGMENT","","BONE"
205,"",NA,NA,"UNIDENTIFIED","FRAGMENT","","BONE"
209,"","EQUUS HYDRUNTINUS","L","LOWER 1ST OR 2ND MOLAR","COMPLETE","","TOOTH"
210,"",NA,NA,"UNIDENTIFIED","FRAGMENT","","BONE"
211,"","BOS/BISON","L","UPPER 3RD PREMOLAR","COMPLETE","","TOOTH"
215,"","CANIS","R","CALCANEUM","COMPLETE","","BONE"
216,"","CANIS","L","ASTRAGALUS","COMPLETE","","BONE"
217,"","CANIS","R","CALCANEUM","COMPLETE","","BONE"
218,"","CANIS","R","CARPAL","COMPLETE","",NA
220,"",NA,NA,"UNIDENTIFIED","FRAGMENT","","BONE"
221,"","CANIS","R","METATARSAL 2ND DIGIT","COMPLETE","","BONE"
226,"",NA,NA,"UNIDENTIFIED","FRAGMENT","","BONE"
229,"",NA,NA,"UNIDENTIFIED","FRAGMENT","","BONE"
234,"",NA,NA,"UNIDENTIFIED","FRAGMENT","","BONE"
235,"",NA,NA,"UNIDENTIFIED","FRAGMENT","","BONE"
237,"",NA,NA,"UNIDENTIFIED","FRAGMENT","","BONE"
239,"",NA,NA,"UNIDENTIFIED","FRAGMENT","","BONE"
240,"",NA,NA,"UNIDENTIFIED","FRAGMENT","","BONE"
241,"",NA,NA,"UNIDENTIFIED","FRAGMENT","","BONE"
244,"","LARGE MAMMAL",NA,"LONG BONE","SHAFT","FRAGMENT","BONE"
245,"",NA,NA,"UNIDENTIFIED","FRAGMENT","","BONE"
246,"",NA,NA,"UNIDENTIFIED","FRAGMENT","","BONE"
247,"",NA,NA,"UNIDENTIFIED","FRAGMENT","","BONE"
248,"",NA,NA,"UNIDENTIFIED","FRAGMENT","","BONE"
249,"",NA,NA,"UNIDENTIFIED","FRAGMENT","","BONE"
252,"","BOS/BISON","R","LOWER 1ST OR 2ND MOLAR","COMPLETE","","TOOTH"
253,"","LARGE MAMMAL",NA,"LONG BONE","SHAFT","FRAGMENT","BONE"
254,"","LARGE MAMMAL",NA,"LONG BONE","SHAFT","FRAGMENT","BONE"
255,"","CROCUTA","R","UPPER 3RD PREMOLAR","COMPLETE","","TOOTH"
256,"","CROCUTA","R","UPPER 4TH PREMOLAR","COMPLETE","","TOOTH"
3305,"","LARGE MAMMAL",NA,"LONG BONE","SHAFT","FRAGMENT","BONE"
3306,"","CERVUS","R","UPPER 1ST OR 2ND MOLAR","CROWN","","TOOTH"
3307,"",NA,NA,"UNIDENTIFIED","FRAGMENT","","BONE"
3308,"",NA,NA,"UNIDENTIFIED","FRAGMENT","","BONE"
3309,"",NA,NA,"UNIDENTIFIED","FRAGMENT","","BONE"
3310,"",NA,NA,"UNIDENTIFIED","COMPLETE","","BONE"
3312,"",NA,NA,"UNIDENTIFIED","FRAGMENT","","BONE"
3313,"","LARGE MAMMAL",NA,"LONG BONE","SHAFT","FRAGMENT","BONE"
3315,"",NA,NA,"UNIDENTIFIED","FRAGMENT","","BONE"
3316,"","LARGE CARNIVORE",NA,"RADIUS","SHAFT","FRAGMENT","BONE"
3317,"",NA,NA,"UNIDENTIFIED","FRAGMENT","","BONE"
3318,"","LARGE MAMMAL",NA,"UNIDENTIFIED","FRAGMENT","","BONE"
3319,"","LARGE MAMMAL",NA,"UNIDENTIFIED","FRAGMENT","","BONE"
3320,"",NA,NA,"UNIDENTIFIED","FRAGMENT","","BONE"
3321,"",NA,NA,"UNIDENTIFIED","FRAGMENT","","BONE"
3324,"",NA,NA,"UNIDENTIFIED","FRAGMENT","","BONE"
3325,"","LARGE MAMMAL",NA,"LONG BONE","SHAFT","FRAGMENT","BONE"
3327,"CF.","SMALL ARTIODACTYL","L","LOWER PREMOLAR","COMPLETE","","TOOTH"
3328,"",NA,NA,"ALVEOLA","FRAGMENT","","BONE"
3329,"","MEDIUM MAMMAL",NA,"ALVEOLA","FRAGMENT","","BONE"
3391,"",NA,NA,"UNIDENTIFIED","FRAGMENT","","BONE"
3392,"","LARGE MAMMAL",NA,"LONG BONE","SHAFT","FRAGMENT","BONE"
3393,"","MEDIUM MAMMAL",NA,"LONG BONE","SHAFT","FRAGMENT","BONE"
3403,"",NA,NA,"UNIDENTIFIED","FRAGMENT","","BONE"
3411,"",NA,NA,"UNIDENTIFIED","FRAGMENT","","BONE"
3412,"",NA,NA,"UNIDENTIFIED","FRAGMENT","","BONE"
3420,"","CROCUTA",NA,"CANINE","COMPLETE","","TOOTH"
3421,"",NA,NA,"UNIDENTIFIED","FRAGMENT","","BONE"
3422,"",NA,NA,"UNIDENTIFIED","FRAGMENT","","BONE"
3425,"","VULPES",NA,"CANINE","COMPLETE","","TOOTH"
3429,"","CROCUTA","L","UPPER 3RD INCISOR","COMPLETE","","TOOTH"
3430,"",NA,NA,"UNIDENTIFIED","FRAGMENT","","BONE"
3433,"",NA,NA,"UNIDENTIFIED","FRAGMENT","","BONE"
3435,"CF.","LARGE CORVID","L","ULNA","DISTAL + SHAFT","","BONE"
3437,"","CROCUTA",NA,"CANINE","COMPLETE","","TOOTH"
3440,"","BOS/BISON","L","DECIDUOUS UPPER P3","COMPLETE","","TOOTH"
3442,"",NA,NA,"UNIDENTIFIED","FRAGMENT","","BONE"
3443,"","LARGE MAMMAL",NA,"LONG BONE","SHAFT","FRAGMENT","BONE"
3449,"","MEDIUM MAMMAL",NA,"LONG BONE","SHAFT","FRAGMENT","BONE"
3454,"","VULPES","R","CALCANEUM","COMPLETE","","BONE"
3455,"",NA,NA,"UNIDENTIFIED","FRAGMENT","","BONE"
3456,"","SMALL ANIMAL",NA,"LONG BONE","SHAFT","FRAGMENT","BONE"
3457,"",NA,NA,"UNIDENTIFIED","FRAGMENT","","BONE"
3458,"",NA,NA,"UNIDENTIFIED","FRAGMENT","","BONE"
3460,"",NA,NA,"UNIDENTIFIED","FRAGMENT","","BONE"
3462,"","LARGE MAMMAL",NA,"LONG BONE","SHAFT","FRAGMENT","BONE"
3465,"","LARGE MAMMAL",NA,"LONG BONE","SHAFT","FRAGMENT","BONE"
3468,"",NA,NA,"UNIDENTIFIED","FRAGMENT","","BONE"
3471,"","MEDIUM MAMMAL",NA,"VERTEBRA","POSTERIOR","FRAGMENT OF EPIPHYSIS","BONE"
3486,"",NA,NA,"UNIDENTIFIED","FRAGMENT","","BONE"
3487,"","LARGE MAMMAL",NA,"LONG BONE","SHAFT","FRAGMENT","BONE"
3488,"","LARGE MAMMAL",NA,"UNIDENTIFIED","FRAGMENT","","BONE"
3491,"","LARGE MAMMAL",NA,"LONG BONE","SHAFT","FRAGMENT","BONE"
3565,"","PANTHERA","L","MANDIBLE WITH TEETH","FRAGMENT","","JAW + TEET"
3565,"","PANTHERA","L","DECIDUOUS LOWER P2","ALVEOLAR","","BONE"
3565,"","PANTHERA","L","DECIDUOUS LOWER P3","COMPLETE","","TOOTH"
3565,"","PANTHERA","L","LOWER 1ST MOLAR","ALVEOLAR","","BONE"
3570,"",NA,NA,"UNIDENTIFIED","FRAGMENT","","BONE"
3571,"",NA,NA,"UNIDENTIFIED","FRAGMENT","","BONE"
3572,"","MEDIUM MAMMAL",NA,"LONG BONE","SHAFT","FRAGMENT","BONE"
3573,"",NA,NA,"UNIDENTIFIED","FRAGMENT","","BONE"
3574,"",NA,NA,"UNIDENTIFIED","FRAGMENT","","BONE"
3575,"",NA,NA,"UNIDENTIFIED","FRAGMENT","","BONE"
3585,"","MEDIUM MAMMAL","L","LONG BONE","FRAGMENT","","BONE"
3586,"",NA,NA,"UNIDENTIFIED","FRAGMENT","","BONE"
3602,"","MEDIUM MAMMAL",NA,"LONG BONE","SHAFT","FRAGMENT","BONE"
3606,"","CROCUTA","L","DECIDUOUS LOWER P4","FRAGMENT","","TOOTH"
3607,"",NA,NA,"UNIDENTIFIED","FRAGMENT","","BONE"
3609,"","MEDIUM MAMMAL",NA,"LONG BONE","SHAFT","FRAGMENT","BONE"
3638,"",NA,NA,"UNIDENTIFIED","FRAGMENT","","BONE"
3653,"",NA,NA,"UNIDENTIFIED","FRAGMENT","","BONE"
3654,"",NA,NA,"UNIDENTIFIED","FRAGMENT","","BONE"
3656,"","LARGE MAMMAL",NA,"LONG BONE","SHAFT","FRAGMENT","BONE"
3657,"","EQUUS","L","HUMERUS","SHAFT","POSTERIOR","BONE"
3659,"","LARGE MAMMAL",NA,"LONG BONE","SHAFT","FRAGMENT","BONE"
3660,"",NA,NA,"UNIDENTIFIED","FRAGMENT","","BONE"
3664,"","CROCUTA","L","DECIDUOUS LOWER P3","COMPLETE","","TOOTH"
3665,"",NA,NA,"UNIDENTIFIED","FRAGMENT","","BONE"
3666,"","BOS/BISON",NA,"DECIDUOUS UPPER P4","COMPLETE","","TOOTH"
3667,"","MEDIUM MAMMAL",NA,"LONG BONE","SHAFT","FRAGMENT","BONE"
3670,"","MEDIUM MAMMAL",NA,"LONG BONE","SHAFT","FRAGMENT","BONE"
3673,"",NA,NA,"UNIDENTIFIED","FRAGMENT","","BONE"
3676,"","LARGE MAMMAL",NA,"LONG BONE","SHAFT","FRAGMENT","BONE"
3677,"","BOS/BISON","L","LOWER 2ND PREMOLAR","COMPLETE","","TOOTH"
3679,"",NA,NA,"UNIDENTIFIED","FRAGMENT","","BONE"
3681,"","LARGE MAMMAL",NA,"LONG BONE","SHAFT","FRAGMENT","BONE"
3683,"","LARGE MAMMAL",NA,"LONG BONE","SHAFT","FRAGMENT","BONE"
3687,"","BOS/BISON","R","UPPER 3RD PREMOLAR","COMPLETE","","TOOTH"
3688,"",NA,NA,"UNIDENTIFIED","FRAGMENT","","BONE"
3708,"","MEDIUM MAMMAL",NA,"LONG BONE","SHAFT","FRAGMENT","BONE"
3711,"","LARGE MAMMAL",NA,"LONG BONE","SHAFT","FRAGMENT","BONE"
3712,"",NA,NA,"UNIDENTIFIED","FRAGMENT","","BONE"
3717,"",NA,NA,"UNIDENTIFIED","FRAGMENT","","BONE"
3723,"","BOS/BISON",NA,"CHEEK TOOTH","FRAGMENT","","TOOTH"
3728,"","EQUUS",NA,"INCISOR","ROOT","","TOOTH"
3740,"","CANIS","L","LOWER 2ND INCISOR","COMPLETE","","TOOTH"
3784,"","EQUUS","L","UPPER 1ST OR 2ND MOLAR","CROWN","","TOOTH"
3803,"","EQUUS","R","UPPER 3RD OR 4TH PREMOLAR","COMPLETE","","TOOTH"
3861,"","LARGE MAMMAL",NA,"LONG BONE","SHAFT","FRAGMENT","BONE"
4192,"",NA,NA,"UNIDENTIFIED","FRAGMENT","","BONE"
9354,"CF.","BOS/BISON",NA,"UPPER MOLAR","FRAGMENT","","TOOTH"
9365,"","BOS/BISON","R","LOWER 2ND PREMOLAR","COMPLETE","","TOOTH"
9366,"","CROCUTA","R","UPPER 2ND PREMOLAR","COMPLETE","","TOOTH"
9384,"","CROCUTA",NA,"1ST PHALANGE","COMPLETE","","BONE"
9385,"","CROCUTA","L","LOWER 1ST MOLAR","COMPLETE","","TOOTH"
9386,"","EQUUS","R","UPPER 3RD OR 4TH PREMOLAR","HALF","","TOOTH"
9387,"CF.","LARGE CARNIVORE",NA,"3RD PHALANGE","COMPLETE","","BONE"
9394,"","MEDIUM MAMMAL",NA,"ACETABULUM","FRAGMENT","","BONE"
9395,"","VULPES","L","CALCANEUM","COMPLETE","","BONE"
9396,"CF.","LARGE CARNIVORE",NA,"CANINE","FRAGMENT","","TOOTH"
9411,"","BOS/BISON","R","UPPER MOLAR","CROWN","","TOOTH"
9412,"","CANIS","L","NAVICULOCUBOID","COMPLETE","","BONE"
9413,"","MEDIUM MAMMAL",NA,"TIBIA","DISTAL","EPIPHYSIS","BONE"
9420,"","SUS","R","UPPER 1ST PREMOLAR","COMPLETE","","TOOTH"
9421,"","BOS/BISON",NA,"CARTILAGE","COMPLETE","","BONE"
9425,"","LARGE MAMMAL",NA,"VERTEBRA","POSTERIOR","FRAGMENT","BONE"
9428,"","LARGE ARTIODACTYL",NA,"LOWER MOLAR","FRAGMENT","","TOOTH"
9429,"","ANATID","L","CORACOID","COMPLETE","","BONE"
9435,"CF.","VULPES",NA,"CANINE","COMPLETE","","TOOTH"
9436,"","MAMMAL",NA,"CAUDAL VERTEBRA","COMPLETE","","BONE"
9437,"","CANIS","R","UPPER 3RD PREMOLAR","COMPLETE","","TOOTH"
9439,"","CERVUS","R","LOWER 2ND INCISOR","COMPLETE","","TOOTH"
9440,"","CERVUS","R","UPPER MOLAR","CROWN","","TOOTH"
9447,"","LARGE BIRD",NA,"SACRUM","FRAGMENT","","BONE"
9448,"CF.","BOS/BISON",NA,"MOLAR","FRAGMENT","","TOOTH"
9449,"","BOS/BISON",NA,"MOLAR","FRAGMENT","","TOOTH"
9450,"","VULPES","L","UPPER 1ST MOLAR","COMPLETE","","TOOTH"
9451,"","VULPES","L","UPPER 1ST MOLAR","COMPLETE","","TOOTH"
9452,"CF.","VULPES","R","LOWER INCISOR","COMPLETE","","TOOTH"
9453,"","MAMMAL",NA,"CAUDAL VERTEBRA","COMPLETE","","BONE"
9454,"","MAMMAL",NA,"CAUDAL VERTEBRA","COMPLETE","","BONE"
9455,"","VULPES","R","CALCANEUM","COMPLETE","","BONE"
9456,"","CERVUS",NA,"LOWER INCISOR","COMPLETE","","TOOTH"
9457,"","VULPES","R","METAPODIAL","DISTAL + SHAFT","","BONE"
9459,"",NA,NA,"UNIDENTIFIED","FRAGMENT","","BONE"
9460,"","CERVUS","L","LOWER 2ND INCISOR","COMPLETE","","TOOTH"
9461,"","CERVUS","R","LOWER 3RD PREMOLAR","FRAGMENT","","TOOTH"
9462,"","LARGE HERBIVORE",NA,"PETROSAL","FRAGMENT","","BONE"
9465,"CF.","BOS/BISON",NA,"MOLAR","FRAGMENT","","TOOTH"
9772,"CF.","BOS/BISON",NA,"LOWER 1ST INCISOR","COMPLETE","","TOOTH"
3726,"",NA,NA,"UNIDENTIFIED","FRAGMENT","","BONE"
6409,"","CANIS","L","METATARSAL 5TH DIGIT","COMPLETE","","BONE"
6602,"",NA,NA,"UNIDENTIFIED","FRAGMENT","","BONE"
6632,"","MEDIUM MAMMAL",NA,"UNIDENTIFIED","FRAGMENT","","BONE"
6689,"","BOS/BISON",NA,"CHEEK TOOTH","FRAGMENT","","TOOTH"
6693,"","BOS/BISON",NA,"LOWER MOLAR","FRAGMENT","","TOOTH"
6785,"","SMALL MAMMAL",NA,"VERTEBRA","FRAGMENT","","BONE"
6786,"","SMALL MAMMAL",NA,"CAUDAL VERTEBRA","COMPLETE","","BONE"
6910,"","LARGE HERBIVORE",NA,"CHEEK TOOTH","FRAGMENT","","TOOTH"
6970,"","MEDIUM MAMMAL",NA,"LONG BONE","SHAFT","FRAGMENT","BONE"
7957,"","MEDIUM ARTIODACTYL",NA,"METAPODIAL","SHAFT","FRAGMENT","BONE"
7978,"","SMALL MAMMAL",NA,"LONG BONE","SHAFT","FRAGMENT","BONE"
7986,"","LARGE HERBIVORE",NA,"CHEEK TOOTH","FRAGMENT","","TOOTH"
7988,"","LARGE HERBIVORE",NA,"CHEEK TOOTH","FRAGMENT","","TOOTH"
8203,"","RANGIFER","L","1ST PHALANGE","COMPLETE","","BONE"
9431,"","CROCUTA","L","LOWER 2ND PREMOLAR","COMPLETE","","TOOTH"
520,"","EQUUS",NA,"UPPER 1ST OR 2ND MOLAR","FRAGMENT","","TOOTH"
521,"",NA,NA,"UNIDENTIFIED","FRAGMENT","","BONE"
11066,"","DAMA","L","UPPER 1ST OR 2ND MOLAR","COMPLETE","","TOOTH"
10908,"","HOMO",NA,"INCISOR","COMPLETE","","HUMAN"
522,"",NA,NA,"UNIDENTIFIED","FRAGMENT","","BONE"
523,"","LARGE MAMMAL",NA,"UNIDENTIFIED","FRAGMENT","","BONE"
524,"",NA,NA,"UNIDENTIFIED","FRAGMENT","","BONE"
527,"",NA,NA,"UNIDENTIFIED","FRAGMENT","","BONE"
530,"",NA,NA,"UNIDENTIFIED","FRAGMENT","","BONE"
553,"","LARGE MAMMAL",NA,"LONG BONE","SHAFT","FRAGMENT","BONE"
558,"",NA,NA,"UNIDENTIFIED","FRAGMENT","","BONE"
559,"",NA,NA,"UNIDENTIFIED","FRAGMENT","","BONE"
560,"","BOS/BISON",NA,"CHEEK TOOTH","FRAGMENT","","TOOTH"
5460,"","RANGIFER",NA,"2ND PHALANGE","PROXIMAL","","BONE"
5474,"","HERBIVORE",NA,"TOOTH","FRAGMENT","","TOOTH"
5477,"CF.","CROCUTA",NA,"INCISOR","DISTAL","","TOOTH"
5491,"",NA,NA,"TOOTH","FRAGMENT","","TOOTH"
5494,"","SMALL MAMMAL",NA,"1ST PHALANGE","COMPLETE","","BONE"
5515,"","MEDIUM MAMMAL",NA,"UNIDENTIFIED","FRAGMENT","","BONE"
5534,"","BOS/BISON","R","MAXILLA WITH TEETH","FRAGMENT","","JAW + TEET"
5535,"CF.","BOS/BISON","R","MAXILLA WITH TEETH","FRAGMENT","","JAW + TEET"
5544,"CF.",NA,NA,"UNIDENTIFIED","FRAGMENT","","BONE"
5545,"",NA,NA,"UNIDENTIFIED","FRAGMENT","","BONE"
5549,"",NA,NA,"UNIDENTIFIED","FRAGMENT","","BONE"
5546,"","BOS/BISON","L","UPPER MOLAR","CROWN","FRAGMENT","TOOTH"
5550,"",NA,NA,"UNIDENTIFIED","FRAGMENT","","BONE"
5553,"","LARGE HERBIVORE",NA,"CHEEK TOOTH","FRAGMENT","","TOOTH"
5554,"","CROCUTA","R","LOWER 1ST MOLAR","COMPLETE","","TOOTH"
5557,"","MEDIUM MAMMAL",NA,"TIBIA","SHAFT","FRAGMENT","BONE"
5558,"","CROCUTA","L","UPPER 3RD PREMOLAR","CROWN","","TOOTH"
10377,"",NA,NA,"UNIDENTIFIED","FRAGMENT","","BONE"
5559,"","EQUUS","R","LOWER 3RD OR 4TH PREMOLAR","COMPLETE","","TOOTH"
5562,"","UNGULATE",NA,"CHEEK TOOTH","FRAGMENT","","TOOTH"
5564,"","CROCUTA","L","UPPER 2ND PREMOLAR","COMPLETE","","TOOTH"
5566,"","BOS/BISON",NA,"CHEEK TOOTH","FRAGMENT","","TOOTH"
5567,"","EQUUS",NA,"CHEEK TOOTH","FRAGMENT","","TOOTH"
5569,"",NA,NA,"UNIDENTIFIED","FRAGMENT","","BONE"
5570,"","LARGE MAMMAL",NA,"LONG BONE","SHAFT","FRAGMENT","BONE"
5572,"","MEDIUM MAMMAL",NA,"UNIDENTIFIED","FRAGMENT","","BONE"
5574,"","LARGE ARTIODACTYL",NA,"MOLAR","FRAGMENT","","TOOTH"
5575,"",NA,NA,"TOOTH","FRAGMENT","","TOOTH"
5576,"",NA,NA,"TOOTH ROW","FRAGMENT","","TOOTH"
5579,"","RANGIFER","R","1ST PHALANGE","HALF","","BONE"
5580,"",NA,NA,"TOOTH","FRAGMENT","","TOOTH"
5581,"",NA,NA,"UNIDENTIFIED","FRAGMENT","","BONE"
5583,"","LARGE HERBIVORE",NA,"CHEEK TOOTH","FRAGMENT","","TOOTH"
5586,"","LARGE HERBIVORE",NA,"CHEEK TOOTH","FRAGMENT","","TOOTH"
5588,"","EQUUS",NA,"CHEEK TOOTH","FRAGMENT","","TOOTH"
5589,"",NA,NA,"UNIDENTIFIED","FRAGMENT","","BONE"
5593,"",NA,NA,"UNIDENTIFIED","FRAGMENT","","BONE"
5594,"",NA,NA,"UNIDENTIFIED","FRAGMENT","","BONE"
5596,"","HERBIVORE",NA,"CHEEK TOOTH","FRAGMENT","","TOOTH"
5597,"","MEDIUM MAMMAL",NA,"UNIDENTIFIED","FRAGMENT","","BONE"
5598,"",NA,NA,"UNIDENTIFIED","FRAGMENT","","BONE"
5599,"",NA,NA,"UNIDENTIFIED","FRAGMENT","","BONE"
5605,"",NA,NA,"UNIDENTIFIED","FRAGMENT","","BONE"
5608,"","UNGULATE",NA,"CHEEK TOOTH","FRAGMENT","","TOOTH"
5611,"CF.","LARGE CERVID",NA,"TIBIA","SHAFT","COMPLETE SHAFT","BONE"
5612,"",NA,NA,"TOOTH","FRAGMENT","","TOOTH"
5614,"","MEDIUM MAMMAL",NA,"LONG BONE","SHAFT","FRAGMENT","BONE"
5615,"",NA,NA,"TOOTH","FRAGMENT","","TOOTH"
5616,"",NA,NA,"TOOTH","FRAGMENT","","TOOTH"
5617,"",NA,NA,"TOOTH","FRAGMENT","","TOOTH"
5619,"","BOS/BISON","R","DECIDUOUS LOWER P2","COMPLETE","","TOOTH"
5620,"","SMALL MAMMAL",NA,"RIB","SHAFT","FRAGMENT","BONE"
5621,"","MEDIUM MAMMAL",NA,"UNIDENTIFIED","FRAGMENT","","BONE"
5622,"",NA,NA,"UNIDENTIFIED","FRAGMENT","","BONE"
5623,"","HERBIVORE",NA,"CHEEK TOOTH","FRAGMENT","","TOOTH"
5624,"",NA,NA,"UNIDENTIFIED","FRAGMENT","","BONE"
5626,"",NA,NA,"UNIDENTIFIED","FRAGMENT","","BONE"
5627,"","LARGE MAMMAL",NA,"UNIDENTIFIED","FRAGMENT","","BONE"
5628,"","ARTIODACTYL",NA,"TOOTH","FRAGMENT","","TOOTH"
5632,"","LARGE HERBIVORE",NA,"CHEEK TOOTH","FRAGMENT","","TOOTH"
5633,"",NA,NA,"UNIDENTIFIED","FRAGMENT","","BONE"
5637,"CF.","EQUUS",NA,"CHEEK TOOTH","FRAGMENT","","TOOTH"
5638,"","BOS/BISON",NA,"CHEEK TOOTH","FRAGMENT","","TOOTH"
5639,"","BOS/BISON",NA,"METAPODIAL","SHAFT","FRAGMENT","BONE"
5641,"","EQUUS","L","LOWER 3RD OR 4TH PREMOLAR","FRAGMENT","","TOOTH"
5643,"","MEDIUM MAMMAL",NA,"LONG BONE","SHAFT","FRAGMENT","BONE"
5645,"","ARTIODACTYL",NA,"CHEEK TOOTH","FRAGMENT","","TOOTH"
5657,"","BOS/BISON","L","LOWER 1ST OR 2ND MOLAR","CROWN","","TOOTH"
5658,"","HERBIVORE",NA,"TOOTH","FRAGMENT","","TOOTH"
5661,"","MEDIUM MAMMAL",NA,"UNIDENTIFIED","FRAGMENT","","BONE"
5663,"","CERVID",NA,"MAIN METACARPAL","SHAFT","POSTERIOR","BONE"
5681,"",NA,NA,"UNIDENTIFIED","FRAGMENT","","BONE"
5684,"CF.","RANGIFER",NA,"LONG BONE","SHAFT","FRAGMENT","BONE"
5703,"","SMALL MAMMAL",NA,"LONG BONE","SHAFT","COMPLETE SHAFT","BONE"
5706,"","EQUUS",NA,"LOWER CHEEK TOOTH","FRAGMENT","","TOOTH"
5708,"","LARGE MAMMAL",NA,"LONG BONE","FRAGMENT","","BONE"
5709,"","MEDIUM MAMMAL",NA,"LONG BONE","SHAFT","FRAGMENT","BONE"
5715,"",NA,NA,"UNIDENTIFIED","FRAGMENT","","BONE"
5716,"",NA,NA,"UNIDENTIFIED","FRAGMENT","","BONE"
5723,"",NA,NA,"UNIDENTIFIED","FRAGMENT","","BONE"
5724,"","LARGE MAMMAL",NA,"ALVEOLA","FRAGMENT","","BONE"
5725,"","MEDIUM MAMMAL",NA,"LONG BONE","SHAFT","FRAGMENT","BONE"
5731,"","LARGE MAMMAL",NA,"LONG BONE","FRAGMENT","","BONE"
5759,"","MEDIUM MAMMAL",NA,"UNIDENTIFIED","FRAGMENT","","BONE"
5762,"","BOS/BISON",NA,"UPPER MOLAR","FRAGMENT","","TOOTH"
5793,"","MEDIUM MAMMAL",NA,"UNIDENTIFIED","FRAGMENT","","BONE"
5797,"","LARGE MAMMAL",NA,"UNIDENTIFIED","FRAGMENT","","BONE"
5809,"","EQUUS",NA,"CHEEK TOOTH","FRAGMENT","","TOOTH"
5827,"","LARGE HERBIVORE",NA,"CHEEK TOOTH","FRAGMENT","","TOOTH"
5828,"","MEDIUM MAMMAL",NA,"UNIDENTIFIED","FRAGMENT","","BONE"
5856,"",NA,NA,"UNIDENTIFIED","FRAGMENT","","BONE"
5857,"",NA,NA,"UNIDENTIFIED","FRAGMENT","","BONE"
5897,"CF.","BOS/BISON",NA,"CHEEK TOOTH","FRAGMENT","","TOOTH"
5958,"","MAMMAL",NA,"LONG BONE","SHAFT","FRAGMENT","BONE"
6034,"","MEDIUM MAMMAL",NA,"LONG BONE","SHAFT","FRAGMENT","BONE"
6339,"","MEDIUM MAMMAL",NA,"UNIDENTIFIED","FRAGMENT","","BONE"
9358,"","BOS/BISON","R","UPPER 1ST OR 2ND MOLAR","COMPLETE","","TOOTH"
9419,"","LARGE CARNIVORE",NA,"INCISOR","COMPLETE","","TOOTH"
9432,"","BOS/BISON",NA,"LOWER MOLAR","FRAGMENT","","TOOTH"
9433,"","LARGE HERBIVORE",NA,"CHEEK TOOTH","FRAGMENT","","TOOTH"
1012,"",NA,NA,"UNIDENTIFIED","FRAGMENT","","BONE"
1013,"",NA,NA,"UNIDENTIFIED","FRAGMENT","","BONE"
1014,"",NA,NA,"UNIDENTIFIED","FRAGMENT","","BONE"
1016,"","SMALL MAMMAL",NA,"LONG BONE","SHAFT","FRAGMENT","BONE"
1019,"",NA,NA,"UNIDENTIFIED","FRAGMENT","","BONE"
1032,"","BOS/BISON","L","LOWER 1ST OR 2ND MOLAR","COMPLETE","","TOOTH"
1033,"",NA,NA,"UNIDENTIFIED","FRAGMENT","","BONE"
1035,"",NA,NA,"UNIDENTIFIED","FRAGMENT","","BONE"
1037,"",NA,NA,"UNIDENTIFIED","FRAGMENT","","BONE"
1040,"",NA,NA,"UNIDENTIFIED","FRAGMENT","","BONE"
1043,"",NA,NA,"UNIDENTIFIED","FRAGMENT","","BONE"
1044,"",NA,NA,"UNIDENTIFIED","FRAGMENT","","BONE"
1143,"","EQUUS","R","TIBIA","SHAFT","POSTERIOR","BONE"
3639,"",NA,NA,"UNIDENTIFIED","FRAGMENT","","BONE"
6815,"CF.","LARGE MAMMAL",NA,"LONG BONE","FRAGMENT","","BONE"
9361,"","VULPES",NA,"CANINE","COMPLETE","","TOOTH"
3772,"","LARGE MAMMAL",NA,"LONG BONE","SHAFT","FRAGMENT","BONE"
5782,"","MAMMAL",NA,"UNIDENTIFIED","FRAGMENT","","BONE"
5829,"","MEDIUM MAMMAL",NA,"UNIDENTIFIED","FRAGMENT","","BONE"
5830,"","MEDIUM MAMMAL",NA,"LONG BONE","SHAFT","FRAGMENT","BONE"
5834,"","VULPES","R","METATARSAL 4TH DIGIT","COMPLETE","","BONE"
5835,"","UNGULATE",NA,"CHEEK TOOTH","FRAGMENT","","TOOTH"
5839,"","CROCUTA","R","MAXILLA WITH TEETH","FRAGMENT","","JAW + TEET"
5839,"","CROCUTA","R","LOWER 3RD PREMOLAR","COMPLETE","","TOOTH"
5839,"","CROCUTA","R","LOWER 4TH PREMOLAR","COMPLETE","","TOOTH"
5839,"","CROCUTA","R","LOWER 1ST MOLAR","COMPLETE","","TOOTH"
5846,"","MEDIUM MAMMAL",NA,"LONG BONE","SHAFT","FRAGMENT","BONE"
5855,"","MEDIUM MAMMAL",NA,"LONG BONE","SHAFT","FRAGMENT","BONE"
5871,"","PANTHERA",NA,"CANINE","HALF","","TOOTH"
5872,"","EQUUS","R","DECIDUOUS UPPER P2","COMPLETE","","TOOTH"
5874,"",NA,NA,"UNIDENTIFIED","FRAGMENT","","BONE"
11020,"","SMALL ANIMAL",NA,"BRAIN CASE","FRAGMENT","","BONE"
5878,"CF.","CROCUTA",NA,"UPPER 3RD PREMOLAR","COMPLETE","","TOOTH"
5882,"","EQUUS","R","UPPER 3RD OR 4TH PREMOLAR","COMPLETE","","TOOTH"
5894,"","CROCUTA","R","UPPER 3RD PREMOLAR","CROWN","","TOOTH"
5895,"","BOS/BISON","L","MAIN METACARPAL","PROXIMAL + SHAFT","LEFT","BONE"
5898,"","BOS/BISON","R","LOWER 2ND PREMOLAR","COMPLETE","","TOOTH"
5911,"","LARGE MAMMAL",NA,"LONG BONE","SHAFT","FRAGMENT","BONE"
5914,"","MEDIUM UNGULATE",NA,"LONG BONE","SHAFT","FRAGMENT","BONE"
5919,"","BOS/BISON","L","DECIDUOUS UPPER P3","COMPLETE","","TOOTH"
5925,"","MAMMAL",NA,"UNIDENTIFIED","FRAGMENT","","BONE"
5935,"",NA,NA,"UNIDENTIFIED","FRAGMENT","","BONE"
5945,"","LARGE MAMMAL",NA,"UNIDENTIFIED","FRAGMENT","","BONE"
5946,"","MEDIUM MAMMAL",NA,"LONG BONE","SHAFT","FRAGMENT","BONE"
5947,"","MAMMAL",NA,"UNIDENTIFIED","FRAGMENT","","BONE"
5963,"","MAMMAL",NA,"UNIDENTIFIED","FRAGMENT","","BONE"
5984,"","MAMMAL",NA,"UNIDENTIFIED","FRAGMENT","","BONE"
5988,"","CROCUTA",NA,"LOWER 2ND PREMOLAR","COMPLETE","","TOOTH"
6022,"",NA,NA,"UNIDENTIFIED","FRAGMENT","","BONE"
6029,"",NA,NA,"UNIDENTIFIED","FRAGMENT","","BONE"
6039,"","LARGE MAMMAL",NA,"LONG BONE","SHAFT","FRAGMENT","BONE"
6076,"","LARGE MAMMAL",NA,"LONG BONE","SHAFT","FRAGMENT","BONE"
7164,"",NA,NA,"UNIDENTIFIED","FRAGMENT","","BONE"
9352,"","BOS/BISON",NA,"CHEEK TOOTH","FRAGMENT","","TOOTH"
9362,"","MEDIUM MAMMAL",NA,"LONG BONE","SHAFT","FRAGMENT","BONE"
9380,"CF.","SMALL ARTIODACTYL","R","RADIUS","PROXIMAL","","BONE"
9402,"","CROCUTA",NA,"CANINE","COMPLETE","","TOOTH"
9403,"","CAPREOLUS","L","LOWER 2ND PREMOLAR","COMPLETE","","TOOTH"
9415,"CF.","LARGE BIRD",NA,"FORE 1ST PHALANGE","COMPLETE","","BONE"
9423,"CF.","SMALL CARNIVORE",NA,"CANINE","COMPLETE","","TOOTH"
9424,"CF.","VULPES",NA,"ANTERIOR RIB","COMPLETE","","BONE"
9442,"","VULPES","L","ASTRAGALUS","COMPLETE","","BONE"
5080,"","SMALL ANIMAL",NA,"LONG BONE","SHAFT","FRAGMENT","BONE"
5081,"","SMALL ANIMAL",NA,"LONG BONE","SHAFT","COMPLETE SHAFT","BONE"
5082,"","SMALL MAMMAL",NA,"RIB","SHAFT","COMPLETE SHAFT","BONE"
5093,"","SMALL ANIMAL",NA,"LONG BONE","SHAFT","COMPLETE SHAFT","BONE"
5097,"","CANIS",NA,"ATLAS","COMPLETE","","BONE"
5118,"","MEDIUM MAMMAL",NA,"LONG BONE","SHAFT","FRAGMENT","BONE"
9363,"","VULPES","R","LOWER 1ST MOLAR","FRAGMENT","","TOOTH"
9392,"CF.","BIRD",NA,"VERTEBRA","COMPLETE","","BONE"
9393,"","EQUUS","R","DECIDUOUS UPPER P0","FRAGMENT","","TOOTH"
9404,"","SMALL ARTIODACTYL","R","2ND PHALANGE","DISTAL DIAPHYSIS","","BONE"
9405,"","SMALL ARTIODACTYL","L","2ND PHALANGE","DISTAL DIAPHYSIS","","BONE"
9406,"","SMALL ARTIODACTYL","R","CALCANEUM","PROXIMAL DIAPHYSIS","","BONE"
9407,"CF.","ANSER","R","CARPOMETACARPAL","SHAFT","","BONE"
9408,"","LAGOMORPH","L","RADIUS","DISTAL + SHAFT","","BONE"
9409,"CF.","LAGOMORPH",NA,"PETROSAL","COMPLETE","","BONE"
9463,"CF.","SMALL MAMMAL",NA,"1ST PHALANGE","COMPLETE","","BONE"
9466,"CF.","SMALL MAMMAL",NA,"CERVICAL VERTEBRA","COMPLETE","","BONE"
5528,"CF.","SMALL MAMMAL",NA,"ANTERIOR RIB","PROXIMAL + SHAFT","","BONE"
5538,"CF.","BIRD",NA,"VERTEBRA","FRAGMENT","","BONE"
253,"",NA,NA,"UNIDENTIFIED","FRAGMENT","","BONE"
5540,"CF.","BIRD",NA,"VERTEBRA","COMPLETE","","BONE"
5541,"CF.","MEDIUM CARNIVORE",NA,"METAPODIAL","COMPLETE","","BONE"
5547,"CF.","SMALL MAMMAL","R","ULNA","PROXIMAL + SHAFT","","BONE"
5561,"CF.",NA,NA,"LONG BONE","SHAFT","","BONE"
5563,"",NA,NA,"UNIDENTIFIED","FRAGMENT","","BONE"
5573,"CF.","BOS/BISON",NA,"ASTRAGALUS","FRAGMENT","","BONE"
5655,"","SUS","R","2ND PHALANGE","DISTAL DIAPHYSIS","","BONE"
5672,"","VULPES","R","HUMERUS","DISTAL + SHAFT","","BONE"
5691,"","UNGULATE",NA,"CHEEK TOOTH","FRAGMENT","","TOOTH"
5802,"","MEDIUM ARTIODACTYL",NA,"1ST PHALANGE","FRAGMENT","","BONE"
5837,"","LAGOMORPH","L","ACETABULUM","FRAGMENT","","BONE"
5907,"CF.","BIRD",NA,"LONG BONE","SHAFT","FRAGMENT","BONE"
9364,"","SMALL MAMMAL",NA,"VERTEBRA","CENTRUM","","BONE"
9388,"CF.","LARGE BIRD",NA,"FORE 2ND PHALANGE 1ST DIGIT","PROXIMAL","FRAGMENT","BONE"
9389,"","GALLIFORM","R","FEMUR","COMPLETE","","BONE"
9390,"","LAGOMORPH",NA,"MAXILLA WITH TEETH","COMPLETE","","JAW + TEET"
9397,"CF.","MEDIUM CARNIVORE",NA,"METAPODIAL","COMPLETE","","BONE"
1365,"",NA,NA,"UNIDENTIFIED","FRAGMENT","","BONE"
9057,"",NA,NA,"UNIDENTIFIED","FRAGMENT","","BONE"
9074,"","MEDIUM MAMMAL",NA,"LONG BONE","SHAFT","FRAGMENT","BONE"
9089,"","LARGE MAMMAL",NA,"UNIDENTIFIED","FRAGMENT","","BONE"
9092,"","LARGE MAMMAL",NA,"UNIDENTIFIED","FRAGMENT","","BONE"
9097,"",NA,NA,"UNIDENTIFIED","FRAGMENT","","BONE"
9098,"","MEDIUM MAMMAL",NA,"RIB","SHAFT","FRAGMENT","BONE"
9111,"","BOS/BISON","L","UPPER 4TH PREMOLAR","COMPLETE","","TOOTH"
9112,"","EQUUS",NA,"CHEEK TOOTH","FRAGMENT","","TOOTH"
9163,"",NA,NA,"UNIDENTIFIED","FRAGMENT","","BONE"
9171,"","MEDIUM MAMMAL",NA,"LONG BONE","SHAFT","FRAGMENT","BONE"
9187,"","BOS/BISON","L","LOWER 3RD MOLAR","COMPLETE","","TOOTH"
9223,"","EQUUS",NA,"CHEEK TOOTH","FRAGMENT","","TOOTH"
9239,"",NA,NA,"UNIDENTIFIED","#N/A","","BONE"
9307,"","BOS/BISON",NA,"LOWER MOLAR","FRAGMENT","","TOOTH"
9313,"","LARGE UNGULATE",NA,"CHEEK TOOTH","FRAGMENT","","TOOTH"
9913,"","BOS/BISON",NA,"RADIUS","PROXIMAL","MEDIAL","BONE"
6524,"","LARGE MAMMAL",NA,"LONG BONE","SHAFT","FRAGMENT","BONE"
6525,"CF.","MEDIUM MAMMAL",NA,"THORACIC VERTEBRA","COMPLETE","","BONE"
6942,"","LARGE MAMMAL",NA,"LONG BONE","SHAFT","FRAGMENT","BONE"
7361,"",NA,NA,"UNIDENTIFIED","FRAGMENT","","BONE"
7363,"",NA,NA,"UNIDENTIFIED","FRAGMENT","","BONE"
7365,"","LARGE MAMMAL",NA,"LONG BONE","SHAFT","FRAGMENT","BONE"
7368,"",NA,NA,"UNIDENTIFIED","FRAGMENT","","BONE"
7369,"CF.","LARGE ARTIODACTYL",NA,"METAPODIAL","SHAFT","FRAGMENT","BONE"
7370,"",NA,NA,"UNIDENTIFIED","FRAGMENT","","BONE"
7372,"",NA,NA,"UNIDENTIFIED","FRAGMENT","","BONE"
7376,"","BOS/BISON","R","1ST PHALANGE","DISTAL","ANTEROLATERAL","BONE"
7388,"",NA,NA,"UNIDENTIFIED","FRAGMENT","","BONE"
7390,"","MEDIUM MAMMAL",NA,"LONG BONE","SHAFT","FRAGMENT","BONE"
7404,"","MEDIUM MAMMAL",NA,"LONG BONE","SHAFT","FRAGMENT","BONE"
7526,"","MEDIUM MAMMAL",NA,"LONG BONE","SHAFT","FRAGMENT","BONE"
7531,"CF.","BIRD",NA,"ULNA","COMPLETE","","BONE"
7720,"","LARGE MAMMAL",NA,"UNIDENTIFIED","FRAGMENT","","BONE"
7721,"","LARGE MAMMAL",NA,"LONG BONE","SHAFT","FRAGMENT","BONE"
7725,"","LARGE MAMMAL",NA,"LONG BONE","SHAFT","FRAGMENT","BONE"
7727,"","LARGE MAMMAL",NA,"UNIDENTIFIED","FRAGMENT","","BONE"
7730,"","LARGE MAMMAL",NA,"UNIDENTIFIED","FRAGMENT","","BONE"
7731,"","MEDIUM MAMMAL",NA,"LONG BONE","SHAFT","FRAGMENT","BONE"
7785,"",NA,NA,"UNIDENTIFIED","FRAGMENT","","BONE"
9351,"CF.","MEDIUM UNGULATE",NA,"CHEEK TOOTH","FRAGMENT","","TOOTH"
9378,"","UNGULATE",NA,"PETROSAL","FRAGMENT","","BONE"
9416,"","LARGE MAMMAL",NA,"LONG BONE","SHAFT","FRAGMENT","BONE"
9422,"","ERINACEUS","L","MANDIBLE WITH TEETH","COMPLETE","","JAW + TEET"
7772,"",NA,NA,"UNIDENTIFIED","FRAGMENT","","BONE"
5105,"","VERY SMALL MAMMAL",NA,"ISCHIUM","FRAGMENT","PROXIMAL","BONE"
5115,"","ANSER","R","CARPOMETACARPAL","DISTAL + SHAFT","","BONE"
5116,"",NA,NA,"UNIDENTIFIED","FRAGMENT","","BONE"
5117,"","OVIS","R","MANDIBLE WITH TEETH","FRAGMENT","","JAW + TEET"
5121,"CF.","CAPRA","L","1ST PHALANGE","COMPLETE","","BONE"
5125,"CF.","VULPES",NA,"1ST PHALANGE","COMPLETE","","BONE"
5127,"","ANATID","L","FEMUR","COMPLETE","","BONE"
5128,"","LARGE BIRD",NA,"RIB","COMPLETE","","BONE"
5167,"","SMALL MAMMAL","L","FEMUR","DIAPHYSIS","","BONE"
5171,"","MAMMAL",NA,"LONG BONE","SHAFT","COMPLETE SHAFT","BONE"
5172,"","CANIS","L","RADIUS","PROXIMAL + SHAFT","","BONE"
5174,"","ANSER",NA,"FORE 1ST PHALANGE 2ND DIGIT","COMPLETE","","BONE"
5192,"",NA,NA,"UNIDENTIFIED","FRAGMENT","","BONE"
5197,"CF.","SMALL MAMMAL",NA,"CRANIUM","FRAGMENT","","BONE"
5200,"CF.","LARGE BIRD",NA,"STERNUM","ANTERIOR","","BONE"
5225,"CF.","LARGE BIRD",NA,"LONG BONE","FRAGMENT","","BONE"
5254,"CF.","VULPES",NA,"METATARSAL DIGIT INDET","PROXIMAL DIAPHYSIS","","BONE"
5255,"","GALLIFORM",NA,"TIBIOTARSAL","SHAFT","FRAGMENT","BONE"
5277,"","LAGOMORPH","L","METATARSAL 3RD DIGIT","COMPLETE","","BONE"
5283,"","CORVUS","L","CARPOMETACARPAL","COMPLETE","","BONE"
5374,"",NA,NA,"UNIDENTIFIED","FRAGMENT","","BONE"
5375,"","GALLUS","R","FEMUR","PROXIMAL + SHAFT","","BONE"
5376,"","MEDIUM MAMMAL",NA,"LONG BONE","SHAFT","FRAGMENT","BONE"
5384,"","MEDIUM MAMMAL",NA,"LONG BONE","SHAFT","FRAGMENT","BONE"
5385,"","MEDIUM MAMMAL",NA,"LONG BONE","SHAFT","FRAGMENT","BONE"
5386,"",NA,NA,"UNIDENTIFIED","FRAGMENT","","BONE"
9430,"","LAGOMORPH","L","ULNA SIGMOID NOTCH ONLY","FRAGMENT","","BONE"
9438,"CF.","GALLUS","L","TARSOMETATARSAL","PROXIMAL","POSTERIOR","BONE"
9458,"",NA,NA,"UNIDENTIFIED","FRAGMENT","","BONE"
5203,"","BOS/BISON",NA,"CHEEK TOOTH","FRAGMENT","","TOOTH"
5329,"","BIRD",NA,"LONG BONE","SHAFT","FRAGMENT","BONE"
5330,"",NA,NA,"UNIDENTIFIED","FRAGMENT","","BONE"
5212,"","MEDIUM MAMMAL",NA,"UNIDENTIFIED","FRAGMENT","","BONE"
5331,"",NA,NA,"LONG BONE","SHAFT","FRAGMENT","BONE"
8749,"","EQUUS","R","LOWER 3RD MOLAR","COMPLETE","","TOOTH"
9398,"CF.","SMALL ANIMAL",NA,"VERTEBRA","COMPLETE","","BONE"
9399,"CF.","SMALL ANIMAL",NA,"AXIS","COMPLETE","","BONE"
9400,"","LAGOMORPH","L","BULLA","COMPLETE","","BONE"
9401,"","LAGOMORPH","L","PETROSAL","COMPLETE","","BONE"
9464,"CF.","SMALL MAMMAL",NA,"THORACIC VERTEBRA","COMPLETE","","BONE"
1806,"",NA,NA,"UNIDENTIFIED","FRAGMENT","","BONE"
1807,"",NA,NA,"UNIDENTIFIED","FRAGMENT","","BONE"
1808,"","SMALL MAMMAL",NA,"LONG BONE","SHAFT","COMPLETE SHAFT","BONE"
1812,"",NA,NA,"UNIDENTIFIED","FRAGMENT","","BONE"
1821,"",NA,NA,"UNIDENTIFIED","FRAGMENT","","BONE"
1825,"","SMALL MAMMAL",NA,"METAPODIAL","DISTAL + SHAFT","","BONE"
5315,"","EQUUS","R","DECIDUOUS UPPER P0","COMPLETE","","TOOTH"
5248,"",NA,NA,"LONG BONE","SHAFT","FRAGMENT","BONE"
5213,"","MEDIUM MAMMAL",NA,"LONG BONE","SHAFT","FRAGMENT","BONE"
5252,"","MEDIUM MAMMAL",NA,"LONG BONE","SHAFT","FRAGMENT","BONE"
5214,"","MEDIUM MAMMAL",NA,"LONG BONE","SHAFT","FRAGMENT","BONE"
5275,"",NA,NA,"UNIDENTIFIED","FRAGMENT","","BONE"
5274,"","LARGE MAMMAL",NA,"UNIDENTIFIED","FRAGMENT","","BONE"
5246,"","EQUUS",NA,"CHEEK TOOTH","FRAGMENT","","TOOTH"
5232,"",NA,NA,"UNIDENTIFIED","FRAGMENT","","BONE"
5398,"","VULPES","L","TIBIA","PROXIMAL + SHAFT","","BONE"
5397,"","MEDIUM MAMMAL",NA,"LONG BONE","SHAFT","FRAGMENT","BONE"
9469,"","LARGE CARNIVORE",NA,"INCISOR","COMPLETE","","TOOTH"
9470,"","MEDIUM MAMMAL",NA,"VERTEBRA","CENTRUM","FRAGMENT","BONE"
1887,"","MEDIUM MAMMAL",NA,"LONG BONE","SHAFT","FRAGMENT","BONE"
3334,"",NA,NA,"UNIDENTIFIED","FRAGMENT","","BONE"
3346,"","MEDIUM MAMMAL",NA,"LONG BONE","SHAFT","FRAGMENT","BONE"
3355,"","LARGE MAMMAL",NA,"UNIDENTIFIED","FRAGMENT","","BONE"
3356,"","BOS/BISON","R","HUMERUS","SHAFT","POSTEROMEDIAL","BONE"
3359,"","LARGE MAMMAL",NA,"LONG BONE","SHAFT","FRAGMENT","BONE"
3360,"",NA,NA,"UNIDENTIFIED","FRAGMENT","","BONE"
3366,"","CROCUTA",NA,"CANINE","COMPLETE","","TOOTH"
3367,"",NA,NA,"UNIDENTIFIED","FRAGMENT","","BONE"
3370,"","LARGE MAMMAL",NA,"MANDIBLE","FRAGMENT","","BONE"
3374,"","LARGE MAMMAL",NA,"LONG BONE","SHAFT","FRAGMENT","BONE"
3376,"",NA,NA,"UNIDENTIFIED","FRAGMENT","","BONE"
3377,"","LARGE MAMMAL",NA,"LONG BONE","SHAFT","FRAGMENT","BONE"
3378,"","LARGE MAMMAL",NA,"LONG BONE","SHAFT","FRAGMENT","BONE"
3383,"",NA,NA,"UNIDENTIFIED","FRAGMENT","","BONE"
3384,"",NA,NA,"UNIDENTIFIED","FRAGMENT","","BONE"
3499,"","EQUUS","L","LOWER 1ST OR 2ND MOLAR","COMPLETE","","TOOTH"
3503,"","LARGE MAMMAL",NA,"UNIDENTIFIED","FRAGMENT","","BONE"
3510,"","BOS/BISON","R","UPPER 1ST OR 2ND MOLAR","COMPLETE","","TOOTH"
3512,"",NA,NA,"UNIDENTIFIED","FRAGMENT","","BONE"
3513,"","EQUUS",NA,"LOWER INCISOR","COMPLETE","","TOOTH"
3514,"","BOS/BISON","R","LOWER 3RD MOLAR","COMPLETE","","TOOTH"
3520,"",NA,NA,"UNIDENTIFIED","FRAGMENT","","BONE"
3522,"",NA,NA,"UNIDENTIFIED","FRAGMENT","","BONE"
3527,"","LARGE HERBIVORE",NA,"ALVEOLA","FRAGMENT","","BONE"
3532,"","LARGE MAMMAL",NA,"LONG BONE","SHAFT","","BONE"
3533,"","LARGE MAMMAL",NA,"UNIDENTIFIED","FRAGMENT","","BONE"
3534,"","LARGE MAMMAL",NA,"LONG BONE","SHAFT","FRAGMENT","BONE"
3535,"",NA,NA,"UNIDENTIFIED","FRAGMENT","","BONE"
3536,"",NA,NA,"UNIDENTIFIED","FRAGMENT","","BONE"
3537,"",NA,NA,"UNIDENTIFIED","FRAGMENT","","BONE"
3538,"",NA,NA,"UNIDENTIFIED","FRAGMENT","","BONE"
3539,"","LARGE MAMMAL",NA,"LONG BONE","SHAFT","FRAGMENT","BONE"
3542,"","EQUUS",NA,"UPPER CHEEK TOOTH","FRAGMENT","","TOOTH"
3543,"","EQUUS","L","UPPER 2ND PREMOLAR","COMPLETE","","TOOTH"
3544,"",NA,NA,"UNIDENTIFIED","FRAGMENT","","BONE"
3545,"",NA,NA,"UNIDENTIFIED","FRAGMENT","","BONE"
3546,"","EQUUS","L","UPPER 3RD MOLAR","COMPLETE","","TOOTH"
3550,"","EQUUS",NA,"ALVEOLA","FRAGMENT","","BONE"
3551,"","LARGE MAMMAL",NA,"UNIDENTIFIED","FRAGMENT","","BONE"
3552,"","EQUUS","L","LOWER 1ST OR 2ND MOLAR","COMPLETE","","TOOTH"
4022,"","BOS/BISON","R","UPPER 1ST OR 2ND MOLAR","FRAGMENT","","TOOTH"
4024,"","EQUUS",NA,"CHEEK TOOTH","FRAGMENT","","TOOTH"
4025,"","BOS/BISON",NA,"CHEEK TOOTH","FRAGMENT","","TOOTH"
4837,"","LARGE MAMMAL",NA,"LONG BONE","SHAFT","FRAGMENT","BONE"
4840,"",NA,NA,"UNIDENTIFIED","FRAGMENT","","BONE"
1901,"",NA,NA,"UNIDENTIFIED","FRAGMENT","","BONE"
1904,"",NA,NA,"LONG BONE","SHAFT","FRAGMENT","BONE"
1911,"",NA,NA,"UNIDENTIFIED","FRAGMENT","","BONE"
1915,"",NA,NA,"UNIDENTIFIED","FRAGMENT","","BONE"
5287,"","EQUUS",NA,"LOWER INCISOR","FRAGMENT","","TOOTH"
5279,"",NA,NA,"CRANIUM","FRAGMENT","","BONE"
5403,"","LARGE MAMMAL",NA,"UNIDENTIFIED","FRAGMENT","","BONE"
5288,"","MEDIUM MAMMAL",NA,"LONG BONE","SHAFT","FRAGMENT","BONE"
5354,"","BOS/BISON","R","DECIDUOUS UPPER P3 OR P4","COMPLETE","","TOOTH"
5353,"","BOS/BISON","L","RADIUS","PROXIMAL","MEDIAL","BONE"
1925,"","MEDIUM MAMMAL","R","MAIN METACARPAL","PROXIMAL","MEDIAL","BONE"
1926,"",NA,NA,"UNIDENTIFIED","FRAGMENT","","BONE"
1927,"","MEDIUM MAMMAL",NA,"RIB","SHAFT","FRAGMENT","BONE"
1928,"","EQUUS","L","MAIN METATARSAL","PROXIMAL","POSTEROMEDIAL","BONE"
1929,"CF.","GALLUS",NA,"HIND 1ST PHALANGE","COMPLETE","","BONE"
1930,"","MEDIUM MAMMAL",NA,"RIB","SHAFT","FRAGMENT","BONE"
1932,"","MEDIUM MAMMAL",NA,"LONG BONE","SHAFT","FRAGMENT","BONE"
1933,"CF.","GALLUS",NA,"HIND 1ST PHALANGE","COMPLETE","","BONE"
1934,"","RANGIFER",NA,"MAIN METATARSAL","SHAFT","FRAGMENT","BONE"
1935,"","CROCUTA","R","DECIDUOUS LOWER P4","COMPLETE","","TOOTH"
1937,"","VULPES","L","MANDIBLE WITH TEETH","FRAGMENT","","JAW + TEET"
1937,"","VULPES","L","LOWER 1ST PREMOLAR","COMPLETE","","TOOTH"
1937,"","VULPES","L","LOWER 2ND PREMOLAR","COMPLETE","","TOOTH"
1937,"","VULPES","L","LOWER 3RD PREMOLAR","COMPLETE","","TOOTH"
1937,"","VULPES","L","LOWER 4TH PREMOLAR","COMPLETE","","TOOTH"
1937,"","VULPES","L","LOWER 1ST MOLAR","COMPLETE","","TOOTH"
1937,"","VULPES","L","LOWER 2ND MOLAR","COMPLETE","","TOOTH"
1937,"","VULPES","L","LOWER 3RD MOLAR","COMPLETE","","TOOTH"
1938,"","EQUUS",NA,"1ST PHALANGE","DISTAL + SHAFT","","BONE"
1939,"","EQUUS","R","UPPER 1ST OR 2ND MOLAR","COMPLETE","","TOOTH"
1940,"","LARGE MAMMAL",NA,"UNIDENTIFIED","FRAGMENT","","BONE"
1941,"","EQUUS","R","UPPER 3RD OR 4TH PREMOLAR","COMPLETE","","TOOTH"
1945,"",NA,NA,"NASAL ","FRAGMENT","","BONE"
1946,"","MEDIUM MAMMAL",NA,"LONG BONE","SHAFT","FRAGMENT","BONE"
1947,"",NA,NA,"UNIDENTIFIED","FRAGMENT","","BONE"
1948,"","MEDIUM MAMMAL",NA,"RIB","SHAFT","FRAGMENT","BONE"
3336,"",NA,NA,"UNIDENTIFIED","FRAGMENT","","BONE"
3340,"","BOS/BISON",NA,"MAIN METACARPAL","SHAFT","FRAGMENT","BONE"
3342,"",NA,NA,"UNIDENTIFIED","FRAGMENT","","BONE"
3344,"","MEDIUM MAMMAL",NA,"LONG BONE","SHAFT","FRAGMENT","BONE"
3345,"",NA,NA,"UNIDENTIFIED","FRAGMENT","","BONE"
3347,"","VULPES","R","FEMUR","PROXIMAL + SHAFT","","BONE"
3348,"",NA,NA,"UNIDENTIFIED","FRAGMENT","","BONE"
3349,"","EQUUS",NA,"CHEEK TOOTH","FRAGMENT","","TOOTH"
3350,"","EQUUS","R","UPPER 1ST OR 2ND MOLAR","HALF","","TOOTH"
3351,"","EQUUS","R","UPPER 1ST OR 2ND MOLAR","HALF","","TOOTH"
3352,"","LARGE MAMMAL",NA,"UNIDENTIFIED","FRAGMENT","","BONE"
3353,"","LARGE MAMMAL",NA,"LONG BONE","SHAFT","FRAGMENT","BONE"
3354,"","BOS/BISON","L","RADIUS","PROXIMAL","","BONE"
3358,"","BOS/BISON","R","LOWER 1ST OR 2ND MOLAR","COMPLETE","","TOOTH"
3363,"","BOS/BISON","L","LOWER 3RD MOLAR","CROWN","","TOOTH"
3368,"",NA,NA,"UNIDENTIFIED","FRAGMENT","","BONE"
3371,"",NA,NA,"UNIDENTIFIED","FRAGMENT","","BONE"
3372,"","BOS/BISON",NA,"LOWER 1ST OR 2ND MOLAR","FRAGMENT","","TOOTH"
3373,"",NA,NA,"UNIDENTIFIED","FRAGMENT","","BONE"
3381,"",NA,NA,"UNIDENTIFIED","FRAGMENT","","BONE"
3385,"","EQUUS",NA,"CANINE","COMPLETE","","TOOTH"
3497,"","EQUUS","R","LOWER MOLAR","FRAGMENT","","TOOTH"
3498,"",NA,NA,"UNIDENTIFIED","FRAGMENT","","BONE"
3500,"",NA,NA,"UNIDENTIFIED","FRAGMENT","","BONE"
3501,"","LARGE MAMMAL",NA,"LONG BONE","SHAFT","FRAGMENT","BONE"
3505,"",NA,NA,"LONG BONE","SHAFT","FRAGMENT","BONE"
3506,"",NA,NA,"UNIDENTIFIED","FRAGMENT","","BONE"
3508,"",NA,NA,"UNIDENTIFIED","FRAGMENT","","BONE"
3517,"","EQUUS","L","UPPER MOLAR","FRAGMENT","","TOOTH"
3518,"",NA,NA,"UNIDENTIFIED","FRAGMENT","","BONE"
3519,"","MEDIUM MAMMAL",NA,"LONG BONE","SHAFT","FRAGMENT","BONE"
3525,"","BOS/BISON","R","LOWER 3RD MOLAR","COMPLETE","","TOOTH"
3526,"","EQUUS","L","UPPER 1ST OR 2ND MOLAR","CROWN","","TOOTH"
3529,"","LARGE MAMMAL",NA,"LONG BONE","SHAFT","FRAGMENT","BONE"
3530,"",NA,NA,"UNIDENTIFIED","FRAGMENT","","BONE"
3540,"","MEDIUM MAMMAL",NA,"LONG BONE","SHAFT","FRAGMENT","BONE"
3547,"","LARGE MAMMAL",NA,"LONG BONE","SHAFT","FRAGMENT","BONE"
3554,"","EQUUS","L","UPPER 2ND OR 3RD INCISOR","COMPLETE","","TOOTH"
3555,"","BOS/BISON",NA,"LOWER CHEEK TOOTH","FRAGMENT","","TOOTH"
3558,"","EQUUS","R","LOWER 1ST INCISOR","COMPLETE","","TOOTH"
3559,"","EQUUS","R","LOWER 1ST INCISOR","COMPLETE","","TOOTH"
3560,"",NA,NA,"UNIDENTIFIED","FRAGMENT","","BONE"
4028,"","LARGE HERBIVORE",NA,"ALVEOLA","FRAGMENT","","BONE"
4029,"",NA,NA,"LONG BONE","SHAFT","FRAGMENT","BONE"
4030,"",NA,NA,"LONG BONE","SHAFT","FRAGMENT","BONE"
4034,"","LARGE MAMMAL",NA,"LONG BONE","FRAGMENT","","BONE"
4036,"","EQUUS","L","UPPER 1ST OR 2ND PREMOLAR","COMPLETE","","TOOTH"
4836,"","LARGE MAMMAL",NA,"LONG BONE","SHAFT","FRAGMENT","BONE"
4838,"",NA,NA,"UNIDENTIFIED","FRAGMENT","","BONE"
1949,"","LARGE MAMMAL",NA,"LONG BONE","SHAFT","FRAGMENT","BONE"
3357,"","LARGE MAMMAL",NA,"LONG BONE","SHAFT","FRAGMENT","BONE"
3364,"CF.","MEDIUM MAMMAL",NA,"LONG BONE","SHAFT","COMPLETE SHAFT","BONE"
3379,"","BOS/BISON","R","UPPER MOLAR","FRAGMENT","","TOOTH"
3380,"","LARGE HERBIVORE",NA,"CHEEK TOOTH","FRAGMENT","","TOOTH"
3386,"","EQUUS","L","HUMERUS","SHAFT","ANTERIOR","BONE"
3387,"","MEDIUM MAMMAL",NA,"LONG BONE","SHAFT","FRAGMENT","BONE"
3509,"","BOS/BISON","L","TIBIA","SHAFT","ANTERIOR","BONE"
3511,"","MEDIUM MAMMAL",NA,"UNIDENTIFIED","FRAGMENT","","BONE"
3516,"","LARGE MAMMAL",NA,"LONG BONE","FRAGMENT","","BONE"
3523,"","EQUUS","R","UPPER 1ST OR 2ND MOLAR","COMPLETE","","TOOTH"
3524,"","LARGE MAMMAL",NA,"LONG BONE","SHAFT","FRAGMENT","BONE"
3528,"","LARGE MAMMAL",NA,"LONG BONE","SHAFT","FRAGMENT","BONE"
3541,"",NA,NA,"UNIDENTIFIED","FRAGMENT","","BONE"
3548,"","BOS/BISON","L","FEMUR","SHAFT","POSTEROLATERAL","BONE"
3549,"",NA,NA,"UNIDENTIFIED","FRAGMENT","","BONE"
3562,"","MEDIUM MAMMAL",NA,"LONG BONE","SHAFT","FRAGMENT","BONE"
3563,"","MEDIUM MAMMAL",NA,"UNIDENTIFIED","FRAGMENT","","BONE"
4031,"","EQUUS",NA,"LOWER INCISOR","FRAGMENT","","TOOTH"
4032,"",NA,NA,"UNIDENTIFIED","FRAGMENT","","BONE"
4033,"","LARGE MAMMAL",NA,"LONG BONE","SHAFT","FRAGMENT","BONE"
4038,"",NA,NA,"UNIDENTIFIED","FRAGMENT","","BONE"
4039,"",NA,NA,"UNIDENTIFIED","FRAGMENT","","BONE"
4040,"","RANGIFER",NA,"MAIN METATARSAL","PROXIMAL","FRAGMENT","BONE"
4044,"",NA,NA,"UNIDENTIFIED","FRAGMENT","","BONE"
4045,"","BOS/BISON","R","MAIN METATARSAL","PROXIMAL","LEFT","BONE"
4047,"","LARGE MAMMAL",NA,"LONG BONE","SHAFT","FRAGMENT","BONE"
4048,"","BOS/BISON","R","UPPER 4TH PREMOLAR","COMPLETE","","TOOTH"
4839,"","LARGE MAMMAL",NA,"TOOTH","FRAGMENT","","TOOTH"
5204,"","SMALL MAMMAL",NA,"LONG BONE","SHAFT","FRAGMENT","BONE"
5185,"","EQUUS",NA,"CHEEK TOOTH","FRAGMENT","","TOOTH"
5198,"",NA,NA,"UNIDENTIFIED","FRAGMENT","","BONE"
5199,"CF.","BIRD",NA,"LONG BONE","FRAGMENT","","BONE"
5267,"",NA,NA,"UNIDENTIFIED","FRAGMENT","","BONE"
5317,"","SMALL MAMMAL","L","TIBIA","DIAPHYSIS","COMPLETE","BONE"
5295,"","CANIS",NA,"THORACIC VERTEBRA","FRAGMENT","","BONE"
5259,"",NA,NA,"LONG BONE","SHAFT","FRAGMENT","BONE"
5325,"","BOS/BISON","R","LOWER 1ST OR 2ND MOLAR","COMPLETE","","TOOTH"
5291,"","LARGE HERBIVORE",NA,"TOOTH","FRAGMENT","","TOOTH"
5249,"","SMALL MAMMAL",NA,"LONG BONE","FRAGMENT","","BONE"
5219,"",NA,NA,"UNIDENTIFIED","FRAGMENT","","BONE"
5293,"",NA,NA,"UNIDENTIFIED","FRAGMENT","","BONE"
5318,"","RANGIFER","R","MANDIBLE WITH TEETH","FRAGMENT","","JAW + TEET"
5318,"","RANGIFER","R","LOWER 3RD MOLAR","COMPLETE","","TOOTH"
5216,"",NA,NA,"UNIDENTIFIED","FRAGMENT","","BONE"
5217,"","MEDIUM MAMMAL",NA,"LONG BONE","SHAFT","FRAGMENT","BONE"
5258,"","LARGE BIRD",NA,"FORE 1ST PHALANGE 2ND DIGIT","FRAGMENT","","BONE"
5260,"","CROCUTA","L","LOWER 2ND PREMOLAR","COMPLETE","","TOOTH"
5319,"","MEDIUM MAMMAL",NA,"LONG BONE","SHAFT","FRAGMENT","BONE"
5235,"","LARGE MAMMAL",NA,"LONG BONE","SHAFT","FRAGMENT","BONE"
5218,"","MEDIUM MAMMAL",NA,"LONG BONE","SHAFT","FRAGMENT","BONE"
5292,"","BOS/BISON","L","2ND PHALANGE","COMPLETE","","BONE"
5220,"","MEDIUM MAMMAL",NA,"RIB","SHAFT","FRAGMENT","BONE"
5321,"","MEDIUM MAMMAL",NA,"LONG BONE","SHAFT","FRAGMENT","BONE"
5269,"","LARGE MAMMAL",NA,"LONG BONE","SHAFT","FRAGMENT","BONE"
5280,"","BOS/BISON",NA,"MAIN METACARPAL","PROXIMAL","MEDIAL","BONE"
5352,"","LARGE MAMMAL",NA,"LONG BONE","SHAFT","FRAGMENT","BONE"
5360,"",NA,NA,"UNIDENTIFIED","FRAGMENT","","BONE"
5340,"","RANGIFER","R","TIBIA","SHAFT","POSTERIOR","BONE"
5431,"CF.","LAGOMORPH","R","PELVIS","FRAGMENT","","BONE"
5387,"",NA,NA,"UNIDENTIFIED","FRAGMENT","","BONE"
5362,"","MEDIUM MAMMAL",NA,"LONG BONE","SHAFT","FRAGMENT","BONE"
5371,"","BOS/BISON","L","LOWER 3RD MOLAR","COMPLETE","","TOOTH"
5388,"","ARTIODACTYL","R","MAIN METATARSAL","PROXIMAL","MEDIAL","BONE"
5422,"","MEDIUM MAMMAL",NA,"LONG BONE","SHAFT","FRAGMENT","BONE"
5270,"","LARGE MAMMAL",NA,"BRAIN CASE","FRAGMENT","","BONE"
5351,"",NA,NA,"UNIDENTIFIED","FRAGMENT","","BONE"
5237,"CF.","SMALL MAMMAL",NA,"THORACIC VERTEBRA","COMPLETE","","BONE"
5359,"",NA,NA,"UNIDENTIFIED","FRAGMENT","","BONE"
5399,"","EQUUS",NA,"LOWER CHEEK TOOTH","FRAGMENT","","TOOTH"
5380,"","MEDIIUM MAMMAL",NA,"LONG BONE","SHAFT","FRAGMENT","BONE"
5358,"","CROCUTA","L","UPPER 4TH PREMOLAR","COMPLETE","","TOOTH"
5268,"","MEDIUM MAMMAL",NA,"VERTEBRA","SPINE","ANTERIOR","BONE"
9467,"","CROCUTA","L","METACARPAL 2ND DIGIT","PROXIMAL","","BONE"
9468,"","RANGIFER","R","1ST PHALANGE","FRAGMENT","","BONE"
9471,"CF.",NA,NA,"UNIDENTIFIED","FRAGMENT","","BONE"
11002,"","MELES","R","HUMERUS","COMPLETE","","BONE"
12353,"CF.","VULPES",NA,"METAPODIAL","DISTAL + SHAFT","","BONE"
7794,"",NA,NA,"UNIDENTIFIED","FRAGMENT","","BONE"
11072,"CF.","DAMA","L","DECIDUOUS UPPER P2","COMPLETE","","TOOTH"
11080,"CF.","CANIS",NA,"DECIDUOUS PREMOLAR","COMPLETE","","TOOTH"
10963,"",NA,NA,"UNIDENTIFIED","FRAGMENT","","BONE"
7362,"",NA,NA,"UNIDENTIFIED","FRAGMENT","","BONE"
7724,"",NA,NA,"UNIDENTIFIED","FRAGMENT","","BONE"
236,"",NA,NA,"UNIDENTIFIED","FRAGMENT","","BONE"
3365,"","LARGE MAMMAL",NA,"UNIDENTIFIED","FRAGMENT","","BONE"
5117,"","OVIS","R","LOWER 2ND PREMOLAR","ALVEOLAR","","BONE"
5117,"","OVIS","R","LOWER 3RD PREMOLAR","ALVEOLAR","","BONE"
5117,"","OVIS","R","LOWER 4TH PREMOLAR","ALVEOLAR","","BONE"
5117,"","OVIS","R","LOWER 1ST MOLAR","ALVEOLAR","","BONE"
5117,"","OVIS",NA,"LOWER 2ND MOLAR","ALVEOLAR","","BONE"
5117,"","OVIS","R","LOWER 3RD MOLAR","COMPLETE","","TOOTH"
5534,"","BOS/BISON","R","UPPER 1ST OR 2ND MOLAR","COMPLETE","","TOOTH"
5535,"","BOS/BISON","R","DECIDUOUS UPPER P3","COMPLETE","","TOOTH"
11011,"","CAPREOLUS","R","MAIN METATARSAL","SHAFT","COMPLETE SHAFT","BONE"
10946,"","MEDIUM ARTIODACTYL","R","TIBIA","SHAFT","ANTERIOR","BONE"
11061,"","CROCUTA",NA,"CERVICAL VERTEBRA","NEURAL ARCH","","BONE"
11032,"","DAMA","L","RADIUS","PROXIMAL + SHAFT","","BONE"
10985,"","CERVUS","L","TIBIA","SHAFT","ANTERIOR","BONE"
11058,"","DAMA","L","3RD PHALANGE","COMPLETE","","BONE"
10982,"CF.","DAMA",NA,"MAIN METACARPAL","SHAFT","ANTERIOR","BONE"
11042,"","CROCUTA","R","UPPER 3RD PREMOLAR","COMPLETE","","TOOTH"
11043,"","BOS/BISON","R","UPPER 1ST OR 2ND MOLAR","COMPLETE","","TOOTH"
11075,"","CROCUTA","R","UPPER CANINE","COMPLETE","","TOOTH"
10973,"CF.","VULPES",NA,"TIBIA","SHAFT","COMPLETE SHAFT","BONE"
11065,"","CROCUTA",NA,"LUMBAR VERTEBRA","COMPLETE","","BONE"
11076,"","CROCUTA",NA,"2ND PHALANGE","COMPLETE","","BONE"
11016,"CF.","EQUUS",NA,"CHEEK TOOTH","FRAGMENT","","TOOTH"
242,"","BOS/BISON","L","MAIN METATARSAL","PROXIMAL + SHAFT","","BONE"
11064,"CF.","DAMA","R","DECIDUOUS UPPER P3 OR P4","COMPLETE","","TOOTH"
11077,"CF.","CANIS","L","DECIDUOUS PREMOLAR","COMPLETE","","TOOTH"
10572,"CF.","BOS/BISON",NA,"ULNA","SHAFT","POSTERIOR","BONE"
5944,"","CROCUTA","R","HUMERUS","SHAFT","COMPLETE SHAFT","BONE"
12242,"","CROCUTA","R","HUMERUS","SHAFT","COMPLETE SHAFT","BONE"
12052,"","CROCUTA",NA,"FEMUR","SHAFT","POSTERIOR","BONE"
10912,"","BOS/BISON","R","LOWER 4TH PREMOLAR","COMPLETE","","TOOTH"
12197,"CF.","CERVUS","R","MAIN METATARSAL","PROXIMAL","LEFT","BONE"
10906,"CF.","DAMA",NA,"POSTERIOR RIB","FRAGMENT","","BONE"
12196,"","SUS","R","LOWER CANINE","COMPLETE","","TOOTH"
12026,"","CROCUTA","L","METACARPAL 4TH DIGIT","DIAPHYSIS","","BONE"
12027,"","DAMA","R","HUMERUS","SHAFT","POSTEROLATERAL","BONE"
12255,"","MEDIUM ARTIODACTYL",NA,"MAIN METATARSAL","SHAFT","ANTERIOR","BONE"
10913,"","MEDIUM ARTIODACTYL",NA,"CHEEK TOOTH","FRAGMENT","","TOOTH"
10914,"","MEDIUM ARTIODACTYL",NA,"CHEEK TOOTH","FRAGMENT","","TOOTH"
12276,"CF.","CROCUTA","R","TIBIA","SHAFT","ANTERIOR","BONE"
12053,"","MEDIUM ARTIODACTYL",NA,"TIBIA","SHAFT","POSTERIOR","BONE"
11078,"","DAMA","R","LOWER 2ND PREMOLAR","COMPLETE","","TOOTH"
11929,"","DAMA","L","UPPER 1ST OR 2ND MOLAR","COMPLETE","","TOOTH"
11085,"","CROCUTA","R","UPPER CANINE","CROWN","","TOOTH"
11018,"","MEDIUM MAMMAL",NA,"ORBITAL","FRAGMENT","","BONE"
10960,"","CAPREOLUS","L","1ST PHALANGE","COMPLETE","","BONE"
12204,"","CROCUTA","L","MAXILLA WITH TEETH","FRAGMENT","","JAW + TEET"
11051,"","SUS","L","LOWER 2ND INCISOR","CROWN","","TOOTH"
11047,"","DAMA","R","MANDIBLE WITH TEETH","FRAGMENT","","JAW + TEET"
11047,"","DAMA","R","LOWER 2ND PREMOLAR","COMPLETE","","TOOTH"
11047,"","DAMA","R","LOWER 3RD PREMOLAR","ALVEOLAR","","BONE"
11087,"CF.","CERVUS","R","LOWER 1ST OR 2ND MOLAR","FRAGMENT","","TOOTH"
11067,"","CROCUTA","L","LOWER CANINE","CROWN","","TOOTH"
10375,"","LARGE MAMMAL",NA,"LONG BONE","SHAFT","FRAGMENT","BONE"
10374,"","LARGE MAMMAL",NA,"LONG BONE","SHAFT","FRAGMENT","BONE"
12357,"","BOS/BISON",NA,"MAIN METATARSAL","SHAFT","ANTERIOR","BONE"
12035,"","CERVUS","L","FRONTAL + ANTLER","FRAGMENT","","BONE"
12039,"","CERVUS","R","FRONTAL + ANTLER","FRAGMENT","","BONE"
5565,"",NA,NA,"UNIDENTIFIED","FRAGMENT","","BONE"
11025,"","SMALL MAMMAL","L","TIBIA","DIAPHYSIS","","BONE"
11009,"","MEDIUM MAMMAL",NA,"UNIDENTIFIED","FRAGMENT","","BONE"
10975,"",NA,NA,"UNIDENTIFIED","FRAGMENT","","BONE"
11023,"","MEDIUM MAMMAL",NA,"RIB","SHAFT","COMPLETE SHAFT","BONE"
11030,"","MEDIUM MAMMAL",NA,"RIB","SHAFT","COMPLETE SHAFT","BONE"
11027,"","SMALL MAMMAL",NA,"LONG BONE","SHAFT","FRAGMENT","BONE"
10989,"",NA,NA,"UNIDENTIFIED","FRAGMENT","","BONE"
12054,"","MEDIUM ARTIODACTYL",NA,"MAIN METACARPAL","SHAFT","ANTERIOR","BONE"
243,"","MEDIUM MAMMAL",NA,"LONG BONE","SHAFT","FRAGMENT","BONE"
11022,"CF.","LAGOMORPH","L","ULNA","PROXIMAL + SHAFT","","BONE"
11070,"","TURTLE/TORTOISE",NA,"CARPAL","FRAGMENT","","OTHER"
12215,"","LAGOMORPH","R","ULNA","PROXIMAL + SHAFT","","BONE"
11054,"","VULPES","L","RADIUS","PROXIMAL","","BONE"
10951,"","LAGOMORPH","R","ILIUM","PROXIMAL","","BONE"
10983,"","LAGOMORPH","R","METATARSAL 4TH DIGIT","COMPLETE","","BONE"
10995,"","MELES","R","METACARPAL 1ST DIGIT","COMPLETE","","BONE"
11003,"","LAGOMORPH","L","ISCHIUM","COMPLETE","","BONE"
10997,"","SMALL MAMMAL",NA,"HUMERUS","DIAPHYSIS","","BONE"
10911,"","MEDIUM BIRD",NA,"CARPOMETACARPAL","PROXIMAL + SHAFT","","BONE"
5241,"CF.","VULPES",NA,"1ST PHALANGE","COMPLETE","","BONE"
11044,"","TURTLE/TORTOISE",NA,"CARPAL","FRAGMENT","","OTHER"
11008,"","LARGE BIRD",NA,"LONG BONE","SHAFT","COMPLETE SHAFT","BONE"
3435,"","LARGE BIRD","R","FEMUR","SHAFT","COMPLETE SHAFT","BONE"
11033,"CF.","LAGOMORPH","R","TIBIA","DIAPHYSIS","","BONE"
11031,"","LARGE BIRD","R","FEMUR","SHAFT","COMPLETE SHAFT","BONE"
11953,"",NA,NA,"UNIDENTIFIED","FRAGMENT","","BONE"
5698,"",NA,NA,"UNIDENTIFIED","FRAGMENT","","BONE"
5577,"",NA,NA,"TOOTH","FRAGMENT","","TOOTH"
